condition,step,grokking_step,is_post_grokking,in_proj_eff_rank,in_proj_pr,out_proj_eff_rank,out_proj_pr,linear1_eff_rank,linear1_pr,linear2_eff_rank,linear2_pr
high_collapse,5000,-1,False,12.183699607849121,1.073635458946228,52.18699264526367,29.279024124145508,58.474464416503906,29.910503387451172,73.77202606201172,38.93124008178711
high_collapse,10000,-1,False,12.011249542236328,1.111578345298767,52.50999450683594,29.440519332885742,53.60788345336914,25.249967575073242,66.07879638671875,33.75197219848633
high_collapse,15000,-1,False,12.695255279541016,1.1692358255386353,52.2053108215332,29.031620025634766,51.656612396240234,23.943355560302734,62.5617561340332,28.767738342285156
high_collapse,20000,-1,False,13.437931060791016,1.2115696668624878,51.11183166503906,28.763113021850586,50.4172477722168,23.607101440429688,61.81089782714844,28.303510665893555
high_collapse,25000,-1,False,13.711051940917969,1.2369481325149536,50.8687858581543,28.343603134155273,49.397342681884766,23.25804328918457,59.98381042480469,27.93703842163086
high_collapse,30000,-1,False,13.749306678771973,1.2153050899505615,50.757816314697266,28.321300506591797,48.86207962036133,22.818490982055664,59.11030578613281,27.198486328125
high_collapse,35000,-1,False,13.529244422912598,1.2044802904129028,50.1820068359375,28.293798446655273,49.03689193725586,23.043079376220703,58.630035400390625,26.726667404174805
high_collapse,40000,-1,False,13.438706398010254,1.2184985876083374,50.18815612792969,27.22574806213379,48.46174621582031,22.157245635986328,59.051963806152344,25.97654151916504
high_collapse,45000,-1,False,13.881821632385254,1.2623493671417236,50.6253662109375,27.495668411254883,48.31324768066406,21.96412467956543,58.71452713012695,25.396259307861328
high_collapse,50000,-1,False,14.057891845703125,1.3187134265899658,50.42669677734375,27.753257751464844,48.47941589355469,21.667266845703125,59.8671989440918,25.375389099121094
low_collapse,5000,3100,True,10.637977600097656,1.1137003898620605,44.7436408996582,20.52188491821289,49.10358810424805,16.31166648864746,56.77084732055664,21.64348602294922
low_collapse,10000,3100,True,13.037786483764648,1.3829748630523682,41.90289306640625,19.89374542236328,45.930355072021484,16.736278533935547,42.084312438964844,14.959796905517578
low_collapse,15000,3100,True,16.057445526123047,1.7585856914520264,41.640174865722656,16.99007797241211,55.07099151611328,21.522228240966797,42.47205352783203,14.883040428161621
low_collapse,20000,3100,True,17.0191650390625,2.111821174621582,41.49009704589844,13.163718223571777,56.125205993652344,21.710906982421875,45.1969108581543,15.747505187988281
low_collapse,25000,3100,True,16.70802116394043,2.042496919631958,40.73130416870117,13.390528678894043,54.94430160522461,21.950672149658203,47.330711364746094,17.338443756103516
low_collapse,30000,3100,True,14.205575942993164,1.7620313167572021,38.56565475463867,15.055274963378906,54.26749038696289,21.01447296142578,44.27458190917969,16.165334701538086
low_collapse,35000,3100,True,14.83536148071289,1.5983374118804932,38.76652145385742,14.339635848999023,53.90499496459961,18.226146697998047,42.890560150146484,16.00209617614746
low_collapse,40000,3100,True,14.243244171142578,1.5385677814483643,39.07331085205078,15.384644508361816,54.43115997314453,20.912925720214844,44.94083023071289,16.711790084838867
low_collapse,45000,3100,True,14.088576316833496,1.4725407361984253,37.967506408691406,15.485734939575195,54.77821350097656,21.80562400817871,39.57884979248047,15.725399017333984
low_collapse,50000,3100,True,14.058320999145508,1.4520334005355835,39.2423095703125,15.46960163116455,57.918575286865234,23.582792282104492,43.96805191040039,17.070362091064453
medium_collapse,5000,-1,False,11.209110260009766,1.0702972412109375,50.85577392578125,27.932405471801758,56.06726837158203,25.405675888061523,70.87002563476562,34.992671966552734
medium_collapse,10000,-1,False,11.631911277770996,1.1122792959213257,52.57476043701172,29.775901794433594,54.64609909057617,20.52692413330078,53.4569091796875,21.488414764404297
medium_collapse,15000,-1,False,12.01000690460205,1.170744776725769,52.38304138183594,30.640663146972656,63.79640579223633,28.525930404663086,52.060916900634766,19.576305389404297
medium_collapse,20000,-1,False,13.5778226852417,1.3211572170257568,51.28419876098633,27.727996826171875,64.65506744384766,29.993303298950195,51.4625244140625,19.647729873657227
medium_collapse,25000,-1,False,16.441192626953125,1.8043361902236938,51.5421142578125,24.837623596191406,65.06897735595703,30.03154754638672,55.170448303222656,20.96835708618164
medium_collapse,30000,-1,False,16.04060935974121,1.981040358543396,51.096805572509766,25.769317626953125,64.54051208496094,27.432392120361328,55.171634674072266,20.69689178466797
medium_collapse,35000,-1,False,15.198458671569824,1.7678301334381104,50.17302322387695,23.736103057861328,61.76791000366211,26.309223175048828,54.06442642211914,21.148029327392578
medium_collapse,40000,-1,False,15.21645736694336,1.6229009628295898,48.14714431762695,22.451744079589844,61.43302536010742,25.96673011779785,53.67830276489258,21.576208114624023
medium_collapse,45000,-1,False,15.00273323059082,1.5587456226348877,47.29958724975586,20.98651885986328,60.77034378051758,25.940380096435547,51.75187683105469,21.21971321105957
medium_collapse,50000,-1,False,15.057452201843262,1.5685458183288574,46.343421936035156,20.250091552734375,61.93732452392578,26.454242706298828,52.16368103027344,21.52206039428711
pure,5000,1400,True,7.559301376342773,1.029109001159668,31.866580963134766,15.77242660522461,34.95024490356445,12.618176460266113,35.16001892089844,13.242130279541016
pure,10000,1400,True,8.78527545928955,1.0359126329421997,34.8271369934082,15.549527168273926,35.863624572753906,12.409661293029785,25.990310668945312,12.756121635437012
pure,15000,1400,True,8.653288841247559,1.0341075658798218,34.94308090209961,14.160368919372559,41.924007415771484,13.37629508972168,27.293882369995117,13.427350044250488
pure,20000,1400,True,10.383605003356934,1.0526496171951294,36.447265625,15.089234352111816,33.15285110473633,12.89907455444336,23.722274780273438,13.004822731018066
pure,25000,1400,True,7.423858642578125,1.0270956754684448,34.732913970947266,12.804920196533203,43.04441833496094,16.3719482421875,29.73238754272461,14.755765914916992
pure,30000,1400,True,8.470865249633789,1.0386940240859985,32.8391227722168,14.8253755569458,37.052555084228516,13.919565200805664,26.345123291015625,14.333503723144531
pure,35000,1400,True,8.670230865478516,1.0345454216003418,36.79838562011719,11.396465301513672,45.30681610107422,16.401485443115234,32.100162506103516,15.252060890197754
pure,40000,1400,True,11.261178016662598,1.0630443096160889,35.68566131591797,13.368158340454102,41.23084259033203,15.328109741210938,27.925567626953125,14.270834922790527
pure,45000,1400,True,11.351200103759766,1.0760726928710938,31.5029239654541,10.584762573242188,40.29386520385742,15.093042373657227,25.535877227783203,14.485705375671387
pure,50000,1400,True,12.57354736328125,1.0931199789047241,34.4732780456543,11.888150215148926,40.69895935058594,16.30909538269043,26.456268310546875,14.13813591003418
severe_collapse,5000,-1,False,12.400277137756348,1.0729994773864746,50.20607376098633,27.156591415405273,58.553592681884766,26.904874801635742,75.71121215820312,37.775753021240234
severe_collapse,10000,-1,False,11.107231140136719,1.0796096324920654,50.845821380615234,27.879518508911133,53.56803512573242,23.567440032958984,68.93416595458984,32.85344314575195
severe_collapse,15000,-1,False,12.36479377746582,1.1435763835906982,51.3469123840332,29.00749969482422,50.49539566040039,22.83424949645996,66.0927505493164,29.987524032592773
severe_collapse,20000,-1,False,12.975839614868164,1.1814994812011719,52.24494171142578,29.166032791137695,50.12112045288086,22.819746017456055,64.45848083496094,28.392929077148438
severe_collapse,25000,-1,False,13.085944175720215,1.2339810132980347,52.06337356567383,28.713687896728516,48.73554229736328,22.385393142700195,61.2802734375,26.82828712463379
severe_collapse,30000,-1,False,13.383485794067383,1.2482222318649292,51.39395523071289,28.242868423461914,48.783878326416016,22.243770599365234,61.79716491699219,26.796974182128906
severe_collapse,35000,-1,False,13.363391876220703,1.2410681247711182,51.01234436035156,27.99803352355957,47.82658386230469,21.998559951782227,59.924835205078125,26.20244598388672
severe_collapse,40000,-1,False,13.15014362335205,1.2141293287277222,50.39409255981445,27.900348663330078,47.86402130126953,21.73482894897461,60.156761169433594,26.03523063659668
severe_collapse,45000,-1,False,13.036599159240723,1.2289789915084839,50.280174255371094,27.561019897460938,47.631378173828125,21.79185676574707,59.928749084472656,26.188318252563477
severe_collapse,50000,-1,False,13.019763946533203,1.2334367036819458,50.0823860168457,27.541048049926758,47.51304626464844,21.638816833496094,59.73363494873047,26.395118713378906
