checkpoint_path,condition,step,layer,metric_name,metric_value
results/severe_collapse/checkpoint_5000.pt,severe_collapse,5000,token_embed.weight,frobenius_norm,2.281545400619507
results/severe_collapse/checkpoint_5000.pt,severe_collapse,5000,token_embed.weight,spectral_norm,0.5509636402130127
results/severe_collapse/checkpoint_5000.pt,severe_collapse,5000,token_embed.weight,effective_rank,39.391822152076855
results/severe_collapse/checkpoint_5000.pt,severe_collapse,5000,pos_embed.weight,frobenius_norm,0.2822197675704956
results/severe_collapse/checkpoint_5000.pt,severe_collapse,5000,pos_embed.weight,spectral_norm,0.27898553013801575
results/severe_collapse/checkpoint_5000.pt,severe_collapse,5000,pos_embed.weight,effective_rank,1.478563783955104
results/severe_collapse/checkpoint_5000.pt,severe_collapse,5000,transformer.layers.0.self_attn.in_proj_weight,frobenius_norm,54.88821029663086
results/severe_collapse/checkpoint_5000.pt,severe_collapse,5000,transformer.layers.0.self_attn.in_proj_weight,spectral_norm,53.92728042602539
results/severe_collapse/checkpoint_5000.pt,severe_collapse,5000,transformer.layers.0.self_attn.in_proj_weight,effective_rank,12.40027676303699
results/severe_collapse/checkpoint_5000.pt,severe_collapse,5000,transformer.layers.0.self_attn.in_proj_bias,frobenius_norm,2.9576518535614014
results/severe_collapse/checkpoint_5000.pt,severe_collapse,5000,transformer.layers.0.self_attn.in_proj_bias,spectral_norm,2.9576518535614014
results/severe_collapse/checkpoint_5000.pt,severe_collapse,5000,transformer.layers.0.self_attn.in_proj_bias,effective_rank,1.0
results/severe_collapse/checkpoint_5000.pt,severe_collapse,5000,transformer.layers.0.self_attn.out_proj.weight,frobenius_norm,5.077474117279053
results/severe_collapse/checkpoint_5000.pt,severe_collapse,5000,transformer.layers.0.self_attn.out_proj.weight,spectral_norm,1.2603102922439575
results/severe_collapse/checkpoint_5000.pt,severe_collapse,5000,transformer.layers.0.self_attn.out_proj.weight,effective_rank,50.2060745516771
results/severe_collapse/checkpoint_5000.pt,severe_collapse,5000,transformer.layers.0.self_attn.out_proj.bias,frobenius_norm,0.02549353428184986
results/severe_collapse/checkpoint_5000.pt,severe_collapse,5000,transformer.layers.0.self_attn.out_proj.bias,spectral_norm,0.02549353428184986
results/severe_collapse/checkpoint_5000.pt,severe_collapse,5000,transformer.layers.0.self_attn.out_proj.bias,effective_rank,1.0
results/severe_collapse/checkpoint_5000.pt,severe_collapse,5000,transformer.layers.0.linear1.weight,frobenius_norm,10.210270881652832
results/severe_collapse/checkpoint_5000.pt,severe_collapse,5000,transformer.layers.0.linear1.weight,spectral_norm,2.52571439743042
results/severe_collapse/checkpoint_5000.pt,severe_collapse,5000,transformer.layers.0.linear1.weight,effective_rank,58.55359416233578
results/severe_collapse/checkpoint_5000.pt,severe_collapse,5000,transformer.layers.0.linear1.bias,frobenius_norm,0.48225173354148865
results/severe_collapse/checkpoint_5000.pt,severe_collapse,5000,transformer.layers.0.linear1.bias,spectral_norm,0.48225173354148865
results/severe_collapse/checkpoint_5000.pt,severe_collapse,5000,transformer.layers.0.linear1.bias,effective_rank,1.0
results/severe_collapse/checkpoint_5000.pt,severe_collapse,5000,transformer.layers.0.linear2.weight,frobenius_norm,7.8173675537109375
results/severe_collapse/checkpoint_5000.pt,severe_collapse,5000,transformer.layers.0.linear2.weight,spectral_norm,1.6732102632522583
results/severe_collapse/checkpoint_5000.pt,severe_collapse,5000,transformer.layers.0.linear2.weight,effective_rank,75.71120980012653
results/severe_collapse/checkpoint_5000.pt,severe_collapse,5000,transformer.layers.0.linear2.bias,frobenius_norm,0.20459914207458496
results/severe_collapse/checkpoint_5000.pt,severe_collapse,5000,transformer.layers.0.linear2.bias,spectral_norm,0.20459914207458496
results/severe_collapse/checkpoint_5000.pt,severe_collapse,5000,transformer.layers.0.linear2.bias,effective_rank,1.0
results/severe_collapse/checkpoint_5000.pt,severe_collapse,5000,transformer.layers.0.norm1.weight,frobenius_norm,3.2162134647369385
results/severe_collapse/checkpoint_5000.pt,severe_collapse,5000,transformer.layers.0.norm1.weight,spectral_norm,3.2162134647369385
results/severe_collapse/checkpoint_5000.pt,severe_collapse,5000,transformer.layers.0.norm1.weight,effective_rank,1.0
results/severe_collapse/checkpoint_5000.pt,severe_collapse,5000,transformer.layers.0.norm1.bias,frobenius_norm,0.3224579691886902
results/severe_collapse/checkpoint_5000.pt,severe_collapse,5000,transformer.layers.0.norm1.bias,spectral_norm,0.3224579691886902
results/severe_collapse/checkpoint_5000.pt,severe_collapse,5000,transformer.layers.0.norm1.bias,effective_rank,1.0
results/severe_collapse/checkpoint_5000.pt,severe_collapse,5000,transformer.layers.0.norm2.weight,frobenius_norm,0.5418854355812073
results/severe_collapse/checkpoint_5000.pt,severe_collapse,5000,transformer.layers.0.norm2.weight,spectral_norm,0.5418854355812073
results/severe_collapse/checkpoint_5000.pt,severe_collapse,5000,transformer.layers.0.norm2.weight,effective_rank,1.0
results/severe_collapse/checkpoint_5000.pt,severe_collapse,5000,transformer.layers.0.norm2.bias,frobenius_norm,0.166726216673851
results/severe_collapse/checkpoint_5000.pt,severe_collapse,5000,transformer.layers.0.norm2.bias,spectral_norm,0.166726216673851
results/severe_collapse/checkpoint_5000.pt,severe_collapse,5000,transformer.layers.0.norm2.bias,effective_rank,1.0
results/severe_collapse/checkpoint_5000.pt,severe_collapse,5000,output_head.weight,frobenius_norm,10.445472717285156
results/severe_collapse/checkpoint_5000.pt,severe_collapse,5000,output_head.weight,spectral_norm,2.635714530944824
results/severe_collapse/checkpoint_5000.pt,severe_collapse,5000,output_head.weight,effective_rank,45.13030001526945
results/severe_collapse/checkpoint_5000.pt,severe_collapse,5000,output_head.bias,frobenius_norm,0.2854054272174835
results/severe_collapse/checkpoint_5000.pt,severe_collapse,5000,output_head.bias,spectral_norm,0.2854054272174835
results/severe_collapse/checkpoint_5000.pt,severe_collapse,5000,output_head.bias,effective_rank,1.0
results/severe_collapse/checkpoint_5000.pt,severe_collapse,5000,ln.weight,frobenius_norm,8.040657997131348
results/severe_collapse/checkpoint_5000.pt,severe_collapse,5000,ln.weight,spectral_norm,8.040657997131348
results/severe_collapse/checkpoint_5000.pt,severe_collapse,5000,ln.weight,effective_rank,1.0
results/severe_collapse/checkpoint_5000.pt,severe_collapse,5000,ln.bias,frobenius_norm,0.7221969962120056
results/severe_collapse/checkpoint_5000.pt,severe_collapse,5000,ln.bias,spectral_norm,0.7221969962120056
results/severe_collapse/checkpoint_5000.pt,severe_collapse,5000,ln.bias,effective_rank,1.0
results/severe_collapse/checkpoint_10000.pt,severe_collapse,10000,token_embed.weight,frobenius_norm,2.102642297744751
results/severe_collapse/checkpoint_10000.pt,severe_collapse,10000,token_embed.weight,spectral_norm,0.5461956262588501
results/severe_collapse/checkpoint_10000.pt,severe_collapse,10000,token_embed.weight,effective_rank,40.13298300022972
results/severe_collapse/checkpoint_10000.pt,severe_collapse,10000,pos_embed.weight,frobenius_norm,0.25521570444107056
results/severe_collapse/checkpoint_10000.pt,severe_collapse,10000,pos_embed.weight,spectral_norm,0.25270432233810425
results/severe_collapse/checkpoint_10000.pt,severe_collapse,10000,pos_embed.weight,effective_rank,1.4542442169865477
results/severe_collapse/checkpoint_10000.pt,severe_collapse,10000,transformer.layers.0.self_attn.in_proj_weight,frobenius_norm,64.4407730102539
results/severe_collapse/checkpoint_10000.pt,severe_collapse,10000,transformer.layers.0.self_attn.in_proj_weight,spectral_norm,63.21478271484375
results/severe_collapse/checkpoint_10000.pt,severe_collapse,10000,transformer.layers.0.self_attn.in_proj_weight,effective_rank,11.107231133867963
results/severe_collapse/checkpoint_10000.pt,severe_collapse,10000,transformer.layers.0.self_attn.in_proj_bias,frobenius_norm,4.103616714477539
results/severe_collapse/checkpoint_10000.pt,severe_collapse,10000,transformer.layers.0.self_attn.in_proj_bias,spectral_norm,4.103616714477539
results/severe_collapse/checkpoint_10000.pt,severe_collapse,10000,transformer.layers.0.self_attn.in_proj_bias,effective_rank,1.0
results/severe_collapse/checkpoint_10000.pt,severe_collapse,10000,transformer.layers.0.self_attn.out_proj.weight,frobenius_norm,4.589288711547852
results/severe_collapse/checkpoint_10000.pt,severe_collapse,10000,transformer.layers.0.self_attn.out_proj.weight,spectral_norm,1.1824653148651123
results/severe_collapse/checkpoint_10000.pt,severe_collapse,10000,transformer.layers.0.self_attn.out_proj.weight,effective_rank,50.84582222308899
results/severe_collapse/checkpoint_10000.pt,severe_collapse,10000,transformer.layers.0.self_attn.out_proj.bias,frobenius_norm,0.023892130702733994
results/severe_collapse/checkpoint_10000.pt,severe_collapse,10000,transformer.layers.0.self_attn.out_proj.bias,spectral_norm,0.023892130702733994
results/severe_collapse/checkpoint_10000.pt,severe_collapse,10000,transformer.layers.0.self_attn.out_proj.bias,effective_rank,1.0
results/severe_collapse/checkpoint_10000.pt,severe_collapse,10000,transformer.layers.0.linear1.weight,frobenius_norm,9.121254920959473
results/severe_collapse/checkpoint_10000.pt,severe_collapse,10000,transformer.layers.0.linear1.weight,spectral_norm,2.3286476135253906
results/severe_collapse/checkpoint_10000.pt,severe_collapse,10000,transformer.layers.0.linear1.weight,effective_rank,53.56803355661205
results/severe_collapse/checkpoint_10000.pt,severe_collapse,10000,transformer.layers.0.linear1.bias,frobenius_norm,0.2619803547859192
results/severe_collapse/checkpoint_10000.pt,severe_collapse,10000,transformer.layers.0.linear1.bias,spectral_norm,0.2619803547859192
results/severe_collapse/checkpoint_10000.pt,severe_collapse,10000,transformer.layers.0.linear1.bias,effective_rank,1.0
results/severe_collapse/checkpoint_10000.pt,severe_collapse,10000,transformer.layers.0.linear2.weight,frobenius_norm,6.8105010986328125
results/severe_collapse/checkpoint_10000.pt,severe_collapse,10000,transformer.layers.0.linear2.weight,spectral_norm,1.5469121932983398
results/severe_collapse/checkpoint_10000.pt,severe_collapse,10000,transformer.layers.0.linear2.weight,effective_rank,68.93416458632046
results/severe_collapse/checkpoint_10000.pt,severe_collapse,10000,transformer.layers.0.linear2.bias,frobenius_norm,0.15478616952896118
results/severe_collapse/checkpoint_10000.pt,severe_collapse,10000,transformer.layers.0.linear2.bias,spectral_norm,0.15478616952896118
results/severe_collapse/checkpoint_10000.pt,severe_collapse,10000,transformer.layers.0.linear2.bias,effective_rank,1.0
results/severe_collapse/checkpoint_10000.pt,severe_collapse,10000,transformer.layers.0.norm1.weight,frobenius_norm,2.4836065769195557
results/severe_collapse/checkpoint_10000.pt,severe_collapse,10000,transformer.layers.0.norm1.weight,spectral_norm,2.4836065769195557
results/severe_collapse/checkpoint_10000.pt,severe_collapse,10000,transformer.layers.0.norm1.weight,effective_rank,1.0
results/severe_collapse/checkpoint_10000.pt,severe_collapse,10000,transformer.layers.0.norm1.bias,frobenius_norm,0.17805160582065582
results/severe_collapse/checkpoint_10000.pt,severe_collapse,10000,transformer.layers.0.norm1.bias,spectral_norm,0.17805160582065582
results/severe_collapse/checkpoint_10000.pt,severe_collapse,10000,transformer.layers.0.norm1.bias,effective_rank,1.0
results/severe_collapse/checkpoint_10000.pt,severe_collapse,10000,transformer.layers.0.norm2.weight,frobenius_norm,0.5346236824989319
results/severe_collapse/checkpoint_10000.pt,severe_collapse,10000,transformer.layers.0.norm2.weight,spectral_norm,0.5346236824989319
results/severe_collapse/checkpoint_10000.pt,severe_collapse,10000,transformer.layers.0.norm2.weight,effective_rank,1.0
results/severe_collapse/checkpoint_10000.pt,severe_collapse,10000,transformer.layers.0.norm2.bias,frobenius_norm,0.17083266377449036
results/severe_collapse/checkpoint_10000.pt,severe_collapse,10000,transformer.layers.0.norm2.bias,spectral_norm,0.17083266377449036
results/severe_collapse/checkpoint_10000.pt,severe_collapse,10000,transformer.layers.0.norm2.bias,effective_rank,1.0
results/severe_collapse/checkpoint_10000.pt,severe_collapse,10000,output_head.weight,frobenius_norm,10.964835166931152
results/severe_collapse/checkpoint_10000.pt,severe_collapse,10000,output_head.weight,spectral_norm,2.827927827835083
results/severe_collapse/checkpoint_10000.pt,severe_collapse,10000,output_head.weight,effective_rank,43.7957057534054
results/severe_collapse/checkpoint_10000.pt,severe_collapse,10000,output_head.bias,frobenius_norm,0.24733000993728638
results/severe_collapse/checkpoint_10000.pt,severe_collapse,10000,output_head.bias,spectral_norm,0.24733000993728638
results/severe_collapse/checkpoint_10000.pt,severe_collapse,10000,output_head.bias,effective_rank,1.0
results/severe_collapse/checkpoint_10000.pt,severe_collapse,10000,ln.weight,frobenius_norm,7.732533931732178
results/severe_collapse/checkpoint_10000.pt,severe_collapse,10000,ln.weight,spectral_norm,7.732533931732178
results/severe_collapse/checkpoint_10000.pt,severe_collapse,10000,ln.weight,effective_rank,1.0
results/severe_collapse/checkpoint_10000.pt,severe_collapse,10000,ln.bias,frobenius_norm,0.9319334030151367
results/severe_collapse/checkpoint_10000.pt,severe_collapse,10000,ln.bias,spectral_norm,0.9319334030151367
results/severe_collapse/checkpoint_10000.pt,severe_collapse,10000,ln.bias,effective_rank,1.0
results/severe_collapse/checkpoint_15000.pt,severe_collapse,15000,token_embed.weight,frobenius_norm,2.1765294075012207
results/severe_collapse/checkpoint_15000.pt,severe_collapse,15000,token_embed.weight,spectral_norm,0.5605471134185791
results/severe_collapse/checkpoint_15000.pt,severe_collapse,15000,token_embed.weight,effective_rank,39.93316661088156
results/severe_collapse/checkpoint_15000.pt,severe_collapse,15000,pos_embed.weight,frobenius_norm,0.26073265075683594
results/severe_collapse/checkpoint_15000.pt,severe_collapse,15000,pos_embed.weight,spectral_norm,0.259117066860199
results/severe_collapse/checkpoint_15000.pt,severe_collapse,15000,pos_embed.weight,effective_rank,1.38594289673625
results/severe_collapse/checkpoint_15000.pt,severe_collapse,15000,transformer.layers.0.self_attn.in_proj_weight,frobenius_norm,61.904945373535156
results/severe_collapse/checkpoint_15000.pt,severe_collapse,15000,transformer.layers.0.self_attn.in_proj_weight,spectral_norm,59.849971771240234
results/severe_collapse/checkpoint_15000.pt,severe_collapse,15000,transformer.layers.0.self_attn.in_proj_weight,effective_rank,12.364793977150612
results/severe_collapse/checkpoint_15000.pt,severe_collapse,15000,transformer.layers.0.self_attn.in_proj_bias,frobenius_norm,4.395192623138428
results/severe_collapse/checkpoint_15000.pt,severe_collapse,15000,transformer.layers.0.self_attn.in_proj_bias,spectral_norm,4.395192623138428
results/severe_collapse/checkpoint_15000.pt,severe_collapse,15000,transformer.layers.0.self_attn.in_proj_bias,effective_rank,1.0
results/severe_collapse/checkpoint_15000.pt,severe_collapse,15000,transformer.layers.0.self_attn.out_proj.weight,frobenius_norm,4.640560626983643
results/severe_collapse/checkpoint_15000.pt,severe_collapse,15000,transformer.layers.0.self_attn.out_proj.weight,spectral_norm,1.143227458000183
results/severe_collapse/checkpoint_15000.pt,severe_collapse,15000,transformer.layers.0.self_attn.out_proj.weight,effective_rank,51.346913717483744
results/severe_collapse/checkpoint_15000.pt,severe_collapse,15000,transformer.layers.0.self_attn.out_proj.bias,frobenius_norm,0.02391146868467331
results/severe_collapse/checkpoint_15000.pt,severe_collapse,15000,transformer.layers.0.self_attn.out_proj.bias,spectral_norm,0.02391146868467331
results/severe_collapse/checkpoint_15000.pt,severe_collapse,15000,transformer.layers.0.self_attn.out_proj.bias,effective_rank,1.0
results/severe_collapse/checkpoint_15000.pt,severe_collapse,15000,transformer.layers.0.linear1.weight,frobenius_norm,8.810806274414062
results/severe_collapse/checkpoint_15000.pt,severe_collapse,15000,transformer.layers.0.linear1.weight,spectral_norm,2.2321908473968506
results/severe_collapse/checkpoint_15000.pt,severe_collapse,15000,transformer.layers.0.linear1.weight,effective_rank,50.495395431875
results/severe_collapse/checkpoint_15000.pt,severe_collapse,15000,transformer.layers.0.linear1.bias,frobenius_norm,0.20272351801395416
results/severe_collapse/checkpoint_15000.pt,severe_collapse,15000,transformer.layers.0.linear1.bias,spectral_norm,0.20272351801395416
results/severe_collapse/checkpoint_15000.pt,severe_collapse,15000,transformer.layers.0.linear1.bias,effective_rank,1.0
results/severe_collapse/checkpoint_15000.pt,severe_collapse,15000,transformer.layers.0.linear2.weight,frobenius_norm,6.346897602081299
results/severe_collapse/checkpoint_15000.pt,severe_collapse,15000,transformer.layers.0.linear2.weight,spectral_norm,1.4481688737869263
results/severe_collapse/checkpoint_15000.pt,severe_collapse,15000,transformer.layers.0.linear2.weight,effective_rank,66.09275356942345
results/severe_collapse/checkpoint_15000.pt,severe_collapse,15000,transformer.layers.0.linear2.bias,frobenius_norm,0.15332931280136108
results/severe_collapse/checkpoint_15000.pt,severe_collapse,15000,transformer.layers.0.linear2.bias,spectral_norm,0.15332931280136108
results/severe_collapse/checkpoint_15000.pt,severe_collapse,15000,transformer.layers.0.linear2.bias,effective_rank,1.0
results/severe_collapse/checkpoint_15000.pt,severe_collapse,15000,transformer.layers.0.norm1.weight,frobenius_norm,2.4229838848114014
results/severe_collapse/checkpoint_15000.pt,severe_collapse,15000,transformer.layers.0.norm1.weight,spectral_norm,2.4229838848114014
results/severe_collapse/checkpoint_15000.pt,severe_collapse,15000,transformer.layers.0.norm1.weight,effective_rank,1.0
results/severe_collapse/checkpoint_15000.pt,severe_collapse,15000,transformer.layers.0.norm1.bias,frobenius_norm,0.14963358640670776
results/severe_collapse/checkpoint_15000.pt,severe_collapse,15000,transformer.layers.0.norm1.bias,spectral_norm,0.14963358640670776
results/severe_collapse/checkpoint_15000.pt,severe_collapse,15000,transformer.layers.0.norm1.bias,effective_rank,1.0
results/severe_collapse/checkpoint_15000.pt,severe_collapse,15000,transformer.layers.0.norm2.weight,frobenius_norm,0.5255047678947449
results/severe_collapse/checkpoint_15000.pt,severe_collapse,15000,transformer.layers.0.norm2.weight,spectral_norm,0.5255047678947449
results/severe_collapse/checkpoint_15000.pt,severe_collapse,15000,transformer.layers.0.norm2.weight,effective_rank,1.0
results/severe_collapse/checkpoint_15000.pt,severe_collapse,15000,transformer.layers.0.norm2.bias,frobenius_norm,0.1771751493215561
results/severe_collapse/checkpoint_15000.pt,severe_collapse,15000,transformer.layers.0.norm2.bias,spectral_norm,0.1771751493215561
results/severe_collapse/checkpoint_15000.pt,severe_collapse,15000,transformer.layers.0.norm2.bias,effective_rank,1.0
results/severe_collapse/checkpoint_15000.pt,severe_collapse,15000,output_head.weight,frobenius_norm,11.126205444335938
results/severe_collapse/checkpoint_15000.pt,severe_collapse,15000,output_head.weight,spectral_norm,2.8237760066986084
results/severe_collapse/checkpoint_15000.pt,severe_collapse,15000,output_head.weight,effective_rank,43.11731250440859
results/severe_collapse/checkpoint_15000.pt,severe_collapse,15000,output_head.bias,frobenius_norm,0.253255158662796
results/severe_collapse/checkpoint_15000.pt,severe_collapse,15000,output_head.bias,spectral_norm,0.253255158662796
results/severe_collapse/checkpoint_15000.pt,severe_collapse,15000,output_head.bias,effective_rank,1.0
results/severe_collapse/checkpoint_15000.pt,severe_collapse,15000,ln.weight,frobenius_norm,7.8099565505981445
results/severe_collapse/checkpoint_15000.pt,severe_collapse,15000,ln.weight,spectral_norm,7.8099565505981445
results/severe_collapse/checkpoint_15000.pt,severe_collapse,15000,ln.weight,effective_rank,1.0
results/severe_collapse/checkpoint_15000.pt,severe_collapse,15000,ln.bias,frobenius_norm,0.9165950417518616
results/severe_collapse/checkpoint_15000.pt,severe_collapse,15000,ln.bias,spectral_norm,0.9165950417518616
results/severe_collapse/checkpoint_15000.pt,severe_collapse,15000,ln.bias,effective_rank,1.0
results/severe_collapse/checkpoint_20000.pt,severe_collapse,20000,token_embed.weight,frobenius_norm,2.197740316390991
results/severe_collapse/checkpoint_20000.pt,severe_collapse,20000,token_embed.weight,spectral_norm,0.5758661031723022
results/severe_collapse/checkpoint_20000.pt,severe_collapse,20000,token_embed.weight,effective_rank,39.55846382702619
results/severe_collapse/checkpoint_20000.pt,severe_collapse,20000,pos_embed.weight,frobenius_norm,0.2809825539588928
results/severe_collapse/checkpoint_20000.pt,severe_collapse,20000,pos_embed.weight,spectral_norm,0.27894270420074463
results/severe_collapse/checkpoint_20000.pt,severe_collapse,20000,pos_embed.weight,effective_rank,1.4083927889170293
results/severe_collapse/checkpoint_20000.pt,severe_collapse,20000,transformer.layers.0.self_attn.in_proj_weight,frobenius_norm,59.95337677001953
results/severe_collapse/checkpoint_20000.pt,severe_collapse,20000,transformer.layers.0.self_attn.in_proj_weight,spectral_norm,57.48121643066406
results/severe_collapse/checkpoint_20000.pt,severe_collapse,20000,transformer.layers.0.self_attn.in_proj_weight,effective_rank,12.975839551920252
results/severe_collapse/checkpoint_20000.pt,severe_collapse,20000,transformer.layers.0.self_attn.in_proj_bias,frobenius_norm,4.490748405456543
results/severe_collapse/checkpoint_20000.pt,severe_collapse,20000,transformer.layers.0.self_attn.in_proj_bias,spectral_norm,4.490748405456543
results/severe_collapse/checkpoint_20000.pt,severe_collapse,20000,transformer.layers.0.self_attn.in_proj_bias,effective_rank,1.0
results/severe_collapse/checkpoint_20000.pt,severe_collapse,20000,transformer.layers.0.self_attn.out_proj.weight,frobenius_norm,4.771507263183594
results/severe_collapse/checkpoint_20000.pt,severe_collapse,20000,transformer.layers.0.self_attn.out_proj.weight,spectral_norm,1.1754122972488403
results/severe_collapse/checkpoint_20000.pt,severe_collapse,20000,transformer.layers.0.self_attn.out_proj.weight,effective_rank,52.244943320418
results/severe_collapse/checkpoint_20000.pt,severe_collapse,20000,transformer.layers.0.self_attn.out_proj.bias,frobenius_norm,0.027619998902082443
results/severe_collapse/checkpoint_20000.pt,severe_collapse,20000,transformer.layers.0.self_attn.out_proj.bias,spectral_norm,0.027619998902082443
results/severe_collapse/checkpoint_20000.pt,severe_collapse,20000,transformer.layers.0.self_attn.out_proj.bias,effective_rank,1.0
results/severe_collapse/checkpoint_20000.pt,severe_collapse,20000,transformer.layers.0.linear1.weight,frobenius_norm,8.501325607299805
results/severe_collapse/checkpoint_20000.pt,severe_collapse,20000,transformer.layers.0.linear1.weight,spectral_norm,2.169182300567627
results/severe_collapse/checkpoint_20000.pt,severe_collapse,20000,transformer.layers.0.linear1.weight,effective_rank,50.121123161048
results/severe_collapse/checkpoint_20000.pt,severe_collapse,20000,transformer.layers.0.linear1.bias,frobenius_norm,0.1666416972875595
results/severe_collapse/checkpoint_20000.pt,severe_collapse,20000,transformer.layers.0.linear1.bias,spectral_norm,0.1666416972875595
results/severe_collapse/checkpoint_20000.pt,severe_collapse,20000,transformer.layers.0.linear1.bias,effective_rank,1.0
results/severe_collapse/checkpoint_20000.pt,severe_collapse,20000,transformer.layers.0.linear2.weight,frobenius_norm,6.105123519897461
results/severe_collapse/checkpoint_20000.pt,severe_collapse,20000,transformer.layers.0.linear2.weight,spectral_norm,1.4047462940216064
results/severe_collapse/checkpoint_20000.pt,severe_collapse,20000,transformer.layers.0.linear2.weight,effective_rank,64.45848331649714
results/severe_collapse/checkpoint_20000.pt,severe_collapse,20000,transformer.layers.0.linear2.bias,frobenius_norm,0.13731345534324646
results/severe_collapse/checkpoint_20000.pt,severe_collapse,20000,transformer.layers.0.linear2.bias,spectral_norm,0.13731345534324646
results/severe_collapse/checkpoint_20000.pt,severe_collapse,20000,transformer.layers.0.linear2.bias,effective_rank,1.0
results/severe_collapse/checkpoint_20000.pt,severe_collapse,20000,transformer.layers.0.norm1.weight,frobenius_norm,2.4227070808410645
results/severe_collapse/checkpoint_20000.pt,severe_collapse,20000,transformer.layers.0.norm1.weight,spectral_norm,2.4227070808410645
results/severe_collapse/checkpoint_20000.pt,severe_collapse,20000,transformer.layers.0.norm1.weight,effective_rank,1.0
results/severe_collapse/checkpoint_20000.pt,severe_collapse,20000,transformer.layers.0.norm1.bias,frobenius_norm,0.11778620630502701
results/severe_collapse/checkpoint_20000.pt,severe_collapse,20000,transformer.layers.0.norm1.bias,spectral_norm,0.11778620630502701
results/severe_collapse/checkpoint_20000.pt,severe_collapse,20000,transformer.layers.0.norm1.bias,effective_rank,1.0
results/severe_collapse/checkpoint_20000.pt,severe_collapse,20000,transformer.layers.0.norm2.weight,frobenius_norm,0.5226854085922241
results/severe_collapse/checkpoint_20000.pt,severe_collapse,20000,transformer.layers.0.norm2.weight,spectral_norm,0.5226854085922241
results/severe_collapse/checkpoint_20000.pt,severe_collapse,20000,transformer.layers.0.norm2.weight,effective_rank,1.0
results/severe_collapse/checkpoint_20000.pt,severe_collapse,20000,transformer.layers.0.norm2.bias,frobenius_norm,0.1808885633945465
results/severe_collapse/checkpoint_20000.pt,severe_collapse,20000,transformer.layers.0.norm2.bias,spectral_norm,0.1808885633945465
results/severe_collapse/checkpoint_20000.pt,severe_collapse,20000,transformer.layers.0.norm2.bias,effective_rank,1.0
results/severe_collapse/checkpoint_20000.pt,severe_collapse,20000,output_head.weight,frobenius_norm,11.351322174072266
results/severe_collapse/checkpoint_20000.pt,severe_collapse,20000,output_head.weight,spectral_norm,2.8650901317596436
results/severe_collapse/checkpoint_20000.pt,severe_collapse,20000,output_head.weight,effective_rank,42.652600105030615
results/severe_collapse/checkpoint_20000.pt,severe_collapse,20000,output_head.bias,frobenius_norm,0.24279245734214783
results/severe_collapse/checkpoint_20000.pt,severe_collapse,20000,output_head.bias,spectral_norm,0.24279245734214783
results/severe_collapse/checkpoint_20000.pt,severe_collapse,20000,output_head.bias,effective_rank,1.0
results/severe_collapse/checkpoint_20000.pt,severe_collapse,20000,ln.weight,frobenius_norm,7.9307475090026855
results/severe_collapse/checkpoint_20000.pt,severe_collapse,20000,ln.weight,spectral_norm,7.9307475090026855
results/severe_collapse/checkpoint_20000.pt,severe_collapse,20000,ln.weight,effective_rank,1.0
results/severe_collapse/checkpoint_20000.pt,severe_collapse,20000,ln.bias,frobenius_norm,0.8978274464607239
results/severe_collapse/checkpoint_20000.pt,severe_collapse,20000,ln.bias,spectral_norm,0.8978274464607239
results/severe_collapse/checkpoint_20000.pt,severe_collapse,20000,ln.bias,effective_rank,1.0
results/severe_collapse/checkpoint_25000.pt,severe_collapse,25000,token_embed.weight,frobenius_norm,2.0356204509735107
results/severe_collapse/checkpoint_25000.pt,severe_collapse,25000,token_embed.weight,spectral_norm,0.5303002595901489
results/severe_collapse/checkpoint_25000.pt,severe_collapse,25000,token_embed.weight,effective_rank,39.111783802410635
results/severe_collapse/checkpoint_25000.pt,severe_collapse,25000,pos_embed.weight,frobenius_norm,0.31493180990219116
results/severe_collapse/checkpoint_25000.pt,severe_collapse,25000,pos_embed.weight,spectral_norm,0.31221216917037964
results/severe_collapse/checkpoint_25000.pt,severe_collapse,25000,pos_embed.weight,effective_rank,1.4341211485183065
results/severe_collapse/checkpoint_25000.pt,severe_collapse,25000,transformer.layers.0.self_attn.in_proj_weight,frobenius_norm,57.420570373535156
results/severe_collapse/checkpoint_25000.pt,severe_collapse,25000,transformer.layers.0.self_attn.in_proj_weight,spectral_norm,54.43724822998047
results/severe_collapse/checkpoint_25000.pt,severe_collapse,25000,transformer.layers.0.self_attn.in_proj_weight,effective_rank,13.085944126887531
results/severe_collapse/checkpoint_25000.pt,severe_collapse,25000,transformer.layers.0.self_attn.in_proj_bias,frobenius_norm,4.483541011810303
results/severe_collapse/checkpoint_25000.pt,severe_collapse,25000,transformer.layers.0.self_attn.in_proj_bias,spectral_norm,4.483541011810303
results/severe_collapse/checkpoint_25000.pt,severe_collapse,25000,transformer.layers.0.self_attn.in_proj_bias,effective_rank,1.0
results/severe_collapse/checkpoint_25000.pt,severe_collapse,25000,transformer.layers.0.self_attn.out_proj.weight,frobenius_norm,4.651584625244141
results/severe_collapse/checkpoint_25000.pt,severe_collapse,25000,transformer.layers.0.self_attn.out_proj.weight,spectral_norm,1.1425471305847168
results/severe_collapse/checkpoint_25000.pt,severe_collapse,25000,transformer.layers.0.self_attn.out_proj.weight,effective_rank,52.06337463578651
results/severe_collapse/checkpoint_25000.pt,severe_collapse,25000,transformer.layers.0.self_attn.out_proj.bias,frobenius_norm,0.031224055215716362
results/severe_collapse/checkpoint_25000.pt,severe_collapse,25000,transformer.layers.0.self_attn.out_proj.bias,spectral_norm,0.031224055215716362
results/severe_collapse/checkpoint_25000.pt,severe_collapse,25000,transformer.layers.0.self_attn.out_proj.bias,effective_rank,1.0
results/severe_collapse/checkpoint_25000.pt,severe_collapse,25000,transformer.layers.0.linear1.weight,frobenius_norm,8.083529472351074
results/severe_collapse/checkpoint_25000.pt,severe_collapse,25000,transformer.layers.0.linear1.weight,spectral_norm,2.023977279663086
results/severe_collapse/checkpoint_25000.pt,severe_collapse,25000,transformer.layers.0.linear1.weight,effective_rank,48.73554143128447
results/severe_collapse/checkpoint_25000.pt,severe_collapse,25000,transformer.layers.0.linear1.bias,frobenius_norm,0.13223329186439514
results/severe_collapse/checkpoint_25000.pt,severe_collapse,25000,transformer.layers.0.linear1.bias,spectral_norm,0.13223329186439514
results/severe_collapse/checkpoint_25000.pt,severe_collapse,25000,transformer.layers.0.linear1.bias,effective_rank,1.0
results/severe_collapse/checkpoint_25000.pt,severe_collapse,25000,transformer.layers.0.linear2.weight,frobenius_norm,5.911591053009033
results/severe_collapse/checkpoint_25000.pt,severe_collapse,25000,transformer.layers.0.linear2.weight,spectral_norm,1.3749268054962158
results/severe_collapse/checkpoint_25000.pt,severe_collapse,25000,transformer.layers.0.linear2.weight,effective_rank,61.280274914637765
results/severe_collapse/checkpoint_25000.pt,severe_collapse,25000,transformer.layers.0.linear2.bias,frobenius_norm,0.1272365003824234
results/severe_collapse/checkpoint_25000.pt,severe_collapse,25000,transformer.layers.0.linear2.bias,spectral_norm,0.1272365003824234
results/severe_collapse/checkpoint_25000.pt,severe_collapse,25000,transformer.layers.0.linear2.bias,effective_rank,1.0
results/severe_collapse/checkpoint_25000.pt,severe_collapse,25000,transformer.layers.0.norm1.weight,frobenius_norm,2.2564074993133545
results/severe_collapse/checkpoint_25000.pt,severe_collapse,25000,transformer.layers.0.norm1.weight,spectral_norm,2.2564074993133545
results/severe_collapse/checkpoint_25000.pt,severe_collapse,25000,transformer.layers.0.norm1.weight,effective_rank,1.0
results/severe_collapse/checkpoint_25000.pt,severe_collapse,25000,transformer.layers.0.norm1.bias,frobenius_norm,0.08496928215026855
results/severe_collapse/checkpoint_25000.pt,severe_collapse,25000,transformer.layers.0.norm1.bias,spectral_norm,0.08496928215026855
results/severe_collapse/checkpoint_25000.pt,severe_collapse,25000,transformer.layers.0.norm1.bias,effective_rank,1.0
results/severe_collapse/checkpoint_25000.pt,severe_collapse,25000,transformer.layers.0.norm2.weight,frobenius_norm,0.5150830149650574
results/severe_collapse/checkpoint_25000.pt,severe_collapse,25000,transformer.layers.0.norm2.weight,spectral_norm,0.5150830149650574
results/severe_collapse/checkpoint_25000.pt,severe_collapse,25000,transformer.layers.0.norm2.weight,effective_rank,1.0
results/severe_collapse/checkpoint_25000.pt,severe_collapse,25000,transformer.layers.0.norm2.bias,frobenius_norm,0.17560093104839325
results/severe_collapse/checkpoint_25000.pt,severe_collapse,25000,transformer.layers.0.norm2.bias,spectral_norm,0.17560093104839325
results/severe_collapse/checkpoint_25000.pt,severe_collapse,25000,transformer.layers.0.norm2.bias,effective_rank,1.0
results/severe_collapse/checkpoint_25000.pt,severe_collapse,25000,output_head.weight,frobenius_norm,11.227620124816895
results/severe_collapse/checkpoint_25000.pt,severe_collapse,25000,output_head.weight,spectral_norm,2.8486201763153076
results/severe_collapse/checkpoint_25000.pt,severe_collapse,25000,output_head.weight,effective_rank,42.12320087614652
results/severe_collapse/checkpoint_25000.pt,severe_collapse,25000,output_head.bias,frobenius_norm,0.2468116581439972
results/severe_collapse/checkpoint_25000.pt,severe_collapse,25000,output_head.bias,spectral_norm,0.2468116581439972
results/severe_collapse/checkpoint_25000.pt,severe_collapse,25000,output_head.bias,effective_rank,1.0
results/severe_collapse/checkpoint_25000.pt,severe_collapse,25000,ln.weight,frobenius_norm,7.89271354675293
results/severe_collapse/checkpoint_25000.pt,severe_collapse,25000,ln.weight,spectral_norm,7.89271354675293
results/severe_collapse/checkpoint_25000.pt,severe_collapse,25000,ln.weight,effective_rank,1.0
results/severe_collapse/checkpoint_25000.pt,severe_collapse,25000,ln.bias,frobenius_norm,0.904306948184967
results/severe_collapse/checkpoint_25000.pt,severe_collapse,25000,ln.bias,spectral_norm,0.904306948184967
results/severe_collapse/checkpoint_25000.pt,severe_collapse,25000,ln.bias,effective_rank,1.0
results/severe_collapse/checkpoint_30000.pt,severe_collapse,30000,token_embed.weight,frobenius_norm,2.0276031494140625
results/severe_collapse/checkpoint_30000.pt,severe_collapse,30000,token_embed.weight,spectral_norm,0.5162748694419861
results/severe_collapse/checkpoint_30000.pt,severe_collapse,30000,token_embed.weight,effective_rank,38.88641683734843
results/severe_collapse/checkpoint_30000.pt,severe_collapse,30000,pos_embed.weight,frobenius_norm,0.31594324111938477
results/severe_collapse/checkpoint_30000.pt,severe_collapse,30000,pos_embed.weight,spectral_norm,0.31440287828445435
results/severe_collapse/checkpoint_30000.pt,severe_collapse,30000,pos_embed.weight,effective_rank,1.353830019150577
results/severe_collapse/checkpoint_30000.pt,severe_collapse,30000,transformer.layers.0.self_attn.in_proj_weight,frobenius_norm,54.295528411865234
results/severe_collapse/checkpoint_30000.pt,severe_collapse,30000,transformer.layers.0.self_attn.in_proj_weight,spectral_norm,51.3200569152832
results/severe_collapse/checkpoint_30000.pt,severe_collapse,30000,transformer.layers.0.self_attn.in_proj_weight,effective_rank,13.383485998381715
results/severe_collapse/checkpoint_30000.pt,severe_collapse,30000,transformer.layers.0.self_attn.in_proj_bias,frobenius_norm,4.319103240966797
results/severe_collapse/checkpoint_30000.pt,severe_collapse,30000,transformer.layers.0.self_attn.in_proj_bias,spectral_norm,4.319103240966797
results/severe_collapse/checkpoint_30000.pt,severe_collapse,30000,transformer.layers.0.self_attn.in_proj_bias,effective_rank,1.0
results/severe_collapse/checkpoint_30000.pt,severe_collapse,30000,transformer.layers.0.self_attn.out_proj.weight,frobenius_norm,4.560720920562744
results/severe_collapse/checkpoint_30000.pt,severe_collapse,30000,transformer.layers.0.self_attn.out_proj.weight,spectral_norm,1.131690502166748
results/severe_collapse/checkpoint_30000.pt,severe_collapse,30000,transformer.layers.0.self_attn.out_proj.weight,effective_rank,51.393957000093614
results/severe_collapse/checkpoint_30000.pt,severe_collapse,30000,transformer.layers.0.self_attn.out_proj.bias,frobenius_norm,0.020668350160121918
results/severe_collapse/checkpoint_30000.pt,severe_collapse,30000,transformer.layers.0.self_attn.out_proj.bias,spectral_norm,0.020668350160121918
results/severe_collapse/checkpoint_30000.pt,severe_collapse,30000,transformer.layers.0.self_attn.out_proj.bias,effective_rank,1.0
results/severe_collapse/checkpoint_30000.pt,severe_collapse,30000,transformer.layers.0.linear1.weight,frobenius_norm,7.857774257659912
results/severe_collapse/checkpoint_30000.pt,severe_collapse,30000,transformer.layers.0.linear1.weight,spectral_norm,1.968484878540039
results/severe_collapse/checkpoint_30000.pt,severe_collapse,30000,transformer.layers.0.linear1.weight,effective_rank,48.78387909557187
results/severe_collapse/checkpoint_30000.pt,severe_collapse,30000,transformer.layers.0.linear1.bias,frobenius_norm,0.11818519979715347
results/severe_collapse/checkpoint_30000.pt,severe_collapse,30000,transformer.layers.0.linear1.bias,spectral_norm,0.11818519979715347
results/severe_collapse/checkpoint_30000.pt,severe_collapse,30000,transformer.layers.0.linear1.bias,effective_rank,1.0
results/severe_collapse/checkpoint_30000.pt,severe_collapse,30000,transformer.layers.0.linear2.weight,frobenius_norm,5.7666425704956055
results/severe_collapse/checkpoint_30000.pt,severe_collapse,30000,transformer.layers.0.linear2.weight,spectral_norm,1.4084736108779907
results/severe_collapse/checkpoint_30000.pt,severe_collapse,30000,transformer.layers.0.linear2.weight,effective_rank,61.79716552799142
results/severe_collapse/checkpoint_30000.pt,severe_collapse,30000,transformer.layers.0.linear2.bias,frobenius_norm,0.12341698259115219
results/severe_collapse/checkpoint_30000.pt,severe_collapse,30000,transformer.layers.0.linear2.bias,spectral_norm,0.12341698259115219
results/severe_collapse/checkpoint_30000.pt,severe_collapse,30000,transformer.layers.0.linear2.bias,effective_rank,1.0
results/severe_collapse/checkpoint_30000.pt,severe_collapse,30000,transformer.layers.0.norm1.weight,frobenius_norm,2.235640525817871
results/severe_collapse/checkpoint_30000.pt,severe_collapse,30000,transformer.layers.0.norm1.weight,spectral_norm,2.235640525817871
results/severe_collapse/checkpoint_30000.pt,severe_collapse,30000,transformer.layers.0.norm1.weight,effective_rank,1.0
results/severe_collapse/checkpoint_30000.pt,severe_collapse,30000,transformer.layers.0.norm1.bias,frobenius_norm,0.07928439974784851
results/severe_collapse/checkpoint_30000.pt,severe_collapse,30000,transformer.layers.0.norm1.bias,spectral_norm,0.07928439974784851
results/severe_collapse/checkpoint_30000.pt,severe_collapse,30000,transformer.layers.0.norm1.bias,effective_rank,1.0
results/severe_collapse/checkpoint_30000.pt,severe_collapse,30000,transformer.layers.0.norm2.weight,frobenius_norm,0.5032930970191956
results/severe_collapse/checkpoint_30000.pt,severe_collapse,30000,transformer.layers.0.norm2.weight,spectral_norm,0.5032930970191956
results/severe_collapse/checkpoint_30000.pt,severe_collapse,30000,transformer.layers.0.norm2.weight,effective_rank,1.0
results/severe_collapse/checkpoint_30000.pt,severe_collapse,30000,transformer.layers.0.norm2.bias,frobenius_norm,0.16968071460723877
results/severe_collapse/checkpoint_30000.pt,severe_collapse,30000,transformer.layers.0.norm2.bias,spectral_norm,0.16968071460723877
results/severe_collapse/checkpoint_30000.pt,severe_collapse,30000,transformer.layers.0.norm2.bias,effective_rank,1.0
results/severe_collapse/checkpoint_30000.pt,severe_collapse,30000,output_head.weight,frobenius_norm,11.135198593139648
results/severe_collapse/checkpoint_30000.pt,severe_collapse,30000,output_head.weight,spectral_norm,2.8984878063201904
results/severe_collapse/checkpoint_30000.pt,severe_collapse,30000,output_head.weight,effective_rank,42.061130983477774
results/severe_collapse/checkpoint_30000.pt,severe_collapse,30000,output_head.bias,frobenius_norm,0.24778057634830475
results/severe_collapse/checkpoint_30000.pt,severe_collapse,30000,output_head.bias,spectral_norm,0.24778057634830475
results/severe_collapse/checkpoint_30000.pt,severe_collapse,30000,output_head.bias,effective_rank,1.0
results/severe_collapse/checkpoint_30000.pt,severe_collapse,30000,ln.weight,frobenius_norm,7.822525978088379
results/severe_collapse/checkpoint_30000.pt,severe_collapse,30000,ln.weight,spectral_norm,7.822525978088379
results/severe_collapse/checkpoint_30000.pt,severe_collapse,30000,ln.weight,effective_rank,1.0
results/severe_collapse/checkpoint_30000.pt,severe_collapse,30000,ln.bias,frobenius_norm,0.9156838655471802
results/severe_collapse/checkpoint_30000.pt,severe_collapse,30000,ln.bias,spectral_norm,0.9156838655471802
results/severe_collapse/checkpoint_30000.pt,severe_collapse,30000,ln.bias,effective_rank,1.0
results/severe_collapse/checkpoint_35000.pt,severe_collapse,35000,token_embed.weight,frobenius_norm,2.0753586292266846
results/severe_collapse/checkpoint_35000.pt,severe_collapse,35000,token_embed.weight,spectral_norm,0.5211323499679565
results/severe_collapse/checkpoint_35000.pt,severe_collapse,35000,token_embed.weight,effective_rank,39.00216409065902
results/severe_collapse/checkpoint_35000.pt,severe_collapse,35000,pos_embed.weight,frobenius_norm,0.3321754038333893
results/severe_collapse/checkpoint_35000.pt,severe_collapse,35000,pos_embed.weight,spectral_norm,0.3311280608177185
results/severe_collapse/checkpoint_35000.pt,severe_collapse,35000,pos_embed.weight,effective_rank,1.3010595156808622
results/severe_collapse/checkpoint_35000.pt,severe_collapse,35000,transformer.layers.0.self_attn.in_proj_weight,frobenius_norm,54.454246520996094
results/severe_collapse/checkpoint_35000.pt,severe_collapse,35000,transformer.layers.0.self_attn.in_proj_weight,spectral_norm,51.544647216796875
results/severe_collapse/checkpoint_35000.pt,severe_collapse,35000,transformer.layers.0.self_attn.in_proj_weight,effective_rank,13.363392224200359
results/severe_collapse/checkpoint_35000.pt,severe_collapse,35000,transformer.layers.0.self_attn.in_proj_bias,frobenius_norm,4.4117560386657715
results/severe_collapse/checkpoint_35000.pt,severe_collapse,35000,transformer.layers.0.self_attn.in_proj_bias,spectral_norm,4.4117560386657715
results/severe_collapse/checkpoint_35000.pt,severe_collapse,35000,transformer.layers.0.self_attn.in_proj_bias,effective_rank,1.0
results/severe_collapse/checkpoint_35000.pt,severe_collapse,35000,transformer.layers.0.self_attn.out_proj.weight,frobenius_norm,4.680724620819092
results/severe_collapse/checkpoint_35000.pt,severe_collapse,35000,transformer.layers.0.self_attn.out_proj.weight,spectral_norm,1.1795395612716675
results/severe_collapse/checkpoint_35000.pt,severe_collapse,35000,transformer.layers.0.self_attn.out_proj.weight,effective_rank,51.012343490994965
results/severe_collapse/checkpoint_35000.pt,severe_collapse,35000,transformer.layers.0.self_attn.out_proj.bias,frobenius_norm,0.022267073392868042
results/severe_collapse/checkpoint_35000.pt,severe_collapse,35000,transformer.layers.0.self_attn.out_proj.bias,spectral_norm,0.022267073392868042
results/severe_collapse/checkpoint_35000.pt,severe_collapse,35000,transformer.layers.0.self_attn.out_proj.bias,effective_rank,1.0
results/severe_collapse/checkpoint_35000.pt,severe_collapse,35000,transformer.layers.0.linear1.weight,frobenius_norm,7.910165309906006
results/severe_collapse/checkpoint_35000.pt,severe_collapse,35000,transformer.layers.0.linear1.weight,spectral_norm,1.9911531209945679
results/severe_collapse/checkpoint_35000.pt,severe_collapse,35000,transformer.layers.0.linear1.weight,effective_rank,47.826582583408836
results/severe_collapse/checkpoint_35000.pt,severe_collapse,35000,transformer.layers.0.linear1.bias,frobenius_norm,0.11208300292491913
results/severe_collapse/checkpoint_35000.pt,severe_collapse,35000,transformer.layers.0.linear1.bias,spectral_norm,0.11208300292491913
results/severe_collapse/checkpoint_35000.pt,severe_collapse,35000,transformer.layers.0.linear1.bias,effective_rank,1.0
results/severe_collapse/checkpoint_35000.pt,severe_collapse,35000,transformer.layers.0.linear2.weight,frobenius_norm,5.793550968170166
results/severe_collapse/checkpoint_35000.pt,severe_collapse,35000,transformer.layers.0.linear2.weight,spectral_norm,1.3744823932647705
results/severe_collapse/checkpoint_35000.pt,severe_collapse,35000,transformer.layers.0.linear2.weight,effective_rank,59.924834051540174
results/severe_collapse/checkpoint_35000.pt,severe_collapse,35000,transformer.layers.0.linear2.bias,frobenius_norm,0.11775850504636765
results/severe_collapse/checkpoint_35000.pt,severe_collapse,35000,transformer.layers.0.linear2.bias,spectral_norm,0.11775850504636765
results/severe_collapse/checkpoint_35000.pt,severe_collapse,35000,transformer.layers.0.linear2.bias,effective_rank,1.0
results/severe_collapse/checkpoint_35000.pt,severe_collapse,35000,transformer.layers.0.norm1.weight,frobenius_norm,2.2812392711639404
results/severe_collapse/checkpoint_35000.pt,severe_collapse,35000,transformer.layers.0.norm1.weight,spectral_norm,2.2812392711639404
results/severe_collapse/checkpoint_35000.pt,severe_collapse,35000,transformer.layers.0.norm1.weight,effective_rank,1.0
results/severe_collapse/checkpoint_35000.pt,severe_collapse,35000,transformer.layers.0.norm1.bias,frobenius_norm,0.08225523680448532
results/severe_collapse/checkpoint_35000.pt,severe_collapse,35000,transformer.layers.0.norm1.bias,spectral_norm,0.08225523680448532
results/severe_collapse/checkpoint_35000.pt,severe_collapse,35000,transformer.layers.0.norm1.bias,effective_rank,1.0
results/severe_collapse/checkpoint_35000.pt,severe_collapse,35000,transformer.layers.0.norm2.weight,frobenius_norm,0.501929759979248
results/severe_collapse/checkpoint_35000.pt,severe_collapse,35000,transformer.layers.0.norm2.weight,spectral_norm,0.501929759979248
results/severe_collapse/checkpoint_35000.pt,severe_collapse,35000,transformer.layers.0.norm2.weight,effective_rank,1.0
results/severe_collapse/checkpoint_35000.pt,severe_collapse,35000,transformer.layers.0.norm2.bias,frobenius_norm,0.17423896491527557
results/severe_collapse/checkpoint_35000.pt,severe_collapse,35000,transformer.layers.0.norm2.bias,spectral_norm,0.17423896491527557
results/severe_collapse/checkpoint_35000.pt,severe_collapse,35000,transformer.layers.0.norm2.bias,effective_rank,1.0
results/severe_collapse/checkpoint_35000.pt,severe_collapse,35000,output_head.weight,frobenius_norm,11.303711891174316
results/severe_collapse/checkpoint_35000.pt,severe_collapse,35000,output_head.weight,spectral_norm,2.93013334274292
results/severe_collapse/checkpoint_35000.pt,severe_collapse,35000,output_head.weight,effective_rank,41.70763812078
results/severe_collapse/checkpoint_35000.pt,severe_collapse,35000,output_head.bias,frobenius_norm,0.26097747683525085
results/severe_collapse/checkpoint_35000.pt,severe_collapse,35000,output_head.bias,spectral_norm,0.26097747683525085
results/severe_collapse/checkpoint_35000.pt,severe_collapse,35000,output_head.bias,effective_rank,1.0
results/severe_collapse/checkpoint_35000.pt,severe_collapse,35000,ln.weight,frobenius_norm,7.927178382873535
results/severe_collapse/checkpoint_35000.pt,severe_collapse,35000,ln.weight,spectral_norm,7.927178382873535
results/severe_collapse/checkpoint_35000.pt,severe_collapse,35000,ln.weight,effective_rank,1.0
results/severe_collapse/checkpoint_35000.pt,severe_collapse,35000,ln.bias,frobenius_norm,0.9651733040809631
results/severe_collapse/checkpoint_35000.pt,severe_collapse,35000,ln.bias,spectral_norm,0.9651733040809631
results/severe_collapse/checkpoint_35000.pt,severe_collapse,35000,ln.bias,effective_rank,1.0
results/severe_collapse/checkpoint_40000.pt,severe_collapse,40000,token_embed.weight,frobenius_norm,2.1334002017974854
results/severe_collapse/checkpoint_40000.pt,severe_collapse,40000,token_embed.weight,spectral_norm,0.5407538414001465
results/severe_collapse/checkpoint_40000.pt,severe_collapse,40000,token_embed.weight,effective_rank,39.70317086144276
results/severe_collapse/checkpoint_40000.pt,severe_collapse,40000,pos_embed.weight,frobenius_norm,0.31469082832336426
results/severe_collapse/checkpoint_40000.pt,severe_collapse,40000,pos_embed.weight,spectral_norm,0.31369438767433167
results/severe_collapse/checkpoint_40000.pt,severe_collapse,40000,pos_embed.weight,effective_rank,1.3015465381767704
results/severe_collapse/checkpoint_40000.pt,severe_collapse,40000,transformer.layers.0.self_attn.in_proj_weight,frobenius_norm,55.91518783569336
results/severe_collapse/checkpoint_40000.pt,severe_collapse,40000,transformer.layers.0.self_attn.in_proj_weight,spectral_norm,53.23130798339844
results/severe_collapse/checkpoint_40000.pt,severe_collapse,40000,transformer.layers.0.self_attn.in_proj_weight,effective_rank,13.15014394465602
results/severe_collapse/checkpoint_40000.pt,severe_collapse,40000,transformer.layers.0.self_attn.in_proj_bias,frobenius_norm,4.5560994148254395
results/severe_collapse/checkpoint_40000.pt,severe_collapse,40000,transformer.layers.0.self_attn.in_proj_bias,spectral_norm,4.5560994148254395
results/severe_collapse/checkpoint_40000.pt,severe_collapse,40000,transformer.layers.0.self_attn.in_proj_bias,effective_rank,1.0
results/severe_collapse/checkpoint_40000.pt,severe_collapse,40000,transformer.layers.0.self_attn.out_proj.weight,frobenius_norm,4.784314155578613
results/severe_collapse/checkpoint_40000.pt,severe_collapse,40000,transformer.layers.0.self_attn.out_proj.weight,spectral_norm,1.206153154373169
results/severe_collapse/checkpoint_40000.pt,severe_collapse,40000,transformer.layers.0.self_attn.out_proj.weight,effective_rank,50.394092346790046
results/severe_collapse/checkpoint_40000.pt,severe_collapse,40000,transformer.layers.0.self_attn.out_proj.bias,frobenius_norm,0.02026962861418724
results/severe_collapse/checkpoint_40000.pt,severe_collapse,40000,transformer.layers.0.self_attn.out_proj.bias,spectral_norm,0.02026962861418724
results/severe_collapse/checkpoint_40000.pt,severe_collapse,40000,transformer.layers.0.self_attn.out_proj.bias,effective_rank,1.0
results/severe_collapse/checkpoint_40000.pt,severe_collapse,40000,transformer.layers.0.linear1.weight,frobenius_norm,8.004672050476074
results/severe_collapse/checkpoint_40000.pt,severe_collapse,40000,transformer.layers.0.linear1.weight,spectral_norm,2.0670554637908936
results/severe_collapse/checkpoint_40000.pt,severe_collapse,40000,transformer.layers.0.linear1.weight,effective_rank,47.86402104102551
results/severe_collapse/checkpoint_40000.pt,severe_collapse,40000,transformer.layers.0.linear1.bias,frobenius_norm,0.1206154152750969
results/severe_collapse/checkpoint_40000.pt,severe_collapse,40000,transformer.layers.0.linear1.bias,spectral_norm,0.1206154152750969
results/severe_collapse/checkpoint_40000.pt,severe_collapse,40000,transformer.layers.0.linear1.bias,effective_rank,1.0
results/severe_collapse/checkpoint_40000.pt,severe_collapse,40000,transformer.layers.0.linear2.weight,frobenius_norm,5.867006778717041
results/severe_collapse/checkpoint_40000.pt,severe_collapse,40000,transformer.layers.0.linear2.weight,spectral_norm,1.4366270303726196
results/severe_collapse/checkpoint_40000.pt,severe_collapse,40000,transformer.layers.0.linear2.weight,effective_rank,60.15676283083692
results/severe_collapse/checkpoint_40000.pt,severe_collapse,40000,transformer.layers.0.linear2.bias,frobenius_norm,0.11977439373731613
results/severe_collapse/checkpoint_40000.pt,severe_collapse,40000,transformer.layers.0.linear2.bias,spectral_norm,0.11977439373731613
results/severe_collapse/checkpoint_40000.pt,severe_collapse,40000,transformer.layers.0.linear2.bias,effective_rank,1.0
results/severe_collapse/checkpoint_40000.pt,severe_collapse,40000,transformer.layers.0.norm1.weight,frobenius_norm,2.3273730278015137
results/severe_collapse/checkpoint_40000.pt,severe_collapse,40000,transformer.layers.0.norm1.weight,spectral_norm,2.3273730278015137
results/severe_collapse/checkpoint_40000.pt,severe_collapse,40000,transformer.layers.0.norm1.weight,effective_rank,1.0
results/severe_collapse/checkpoint_40000.pt,severe_collapse,40000,transformer.layers.0.norm1.bias,frobenius_norm,0.08282007277011871
results/severe_collapse/checkpoint_40000.pt,severe_collapse,40000,transformer.layers.0.norm1.bias,spectral_norm,0.08282007277011871
results/severe_collapse/checkpoint_40000.pt,severe_collapse,40000,transformer.layers.0.norm1.bias,effective_rank,1.0
results/severe_collapse/checkpoint_40000.pt,severe_collapse,40000,transformer.layers.0.norm2.weight,frobenius_norm,0.5111711025238037
results/severe_collapse/checkpoint_40000.pt,severe_collapse,40000,transformer.layers.0.norm2.weight,spectral_norm,0.5111711025238037
results/severe_collapse/checkpoint_40000.pt,severe_collapse,40000,transformer.layers.0.norm2.weight,effective_rank,1.0
results/severe_collapse/checkpoint_40000.pt,severe_collapse,40000,transformer.layers.0.norm2.bias,frobenius_norm,0.17910730838775635
results/severe_collapse/checkpoint_40000.pt,severe_collapse,40000,transformer.layers.0.norm2.bias,spectral_norm,0.17910730838775635
results/severe_collapse/checkpoint_40000.pt,severe_collapse,40000,transformer.layers.0.norm2.bias,effective_rank,1.0
results/severe_collapse/checkpoint_40000.pt,severe_collapse,40000,output_head.weight,frobenius_norm,11.299140930175781
results/severe_collapse/checkpoint_40000.pt,severe_collapse,40000,output_head.weight,spectral_norm,2.929802894592285
results/severe_collapse/checkpoint_40000.pt,severe_collapse,40000,output_head.weight,effective_rank,41.42061586625566
results/severe_collapse/checkpoint_40000.pt,severe_collapse,40000,output_head.bias,frobenius_norm,0.2554074823856354
results/severe_collapse/checkpoint_40000.pt,severe_collapse,40000,output_head.bias,spectral_norm,0.2554074823856354
results/severe_collapse/checkpoint_40000.pt,severe_collapse,40000,output_head.bias,effective_rank,1.0
results/severe_collapse/checkpoint_40000.pt,severe_collapse,40000,ln.weight,frobenius_norm,7.901463031768799
results/severe_collapse/checkpoint_40000.pt,severe_collapse,40000,ln.weight,spectral_norm,7.901463031768799
results/severe_collapse/checkpoint_40000.pt,severe_collapse,40000,ln.weight,effective_rank,1.0
results/severe_collapse/checkpoint_40000.pt,severe_collapse,40000,ln.bias,frobenius_norm,0.9633700251579285
results/severe_collapse/checkpoint_40000.pt,severe_collapse,40000,ln.bias,spectral_norm,0.9633700251579285
results/severe_collapse/checkpoint_40000.pt,severe_collapse,40000,ln.bias,effective_rank,1.0
results/severe_collapse/checkpoint_45000.pt,severe_collapse,45000,token_embed.weight,frobenius_norm,2.0238192081451416
results/severe_collapse/checkpoint_45000.pt,severe_collapse,45000,token_embed.weight,spectral_norm,0.5049402713775635
results/severe_collapse/checkpoint_45000.pt,severe_collapse,45000,token_embed.weight,effective_rank,38.99550668908027
results/severe_collapse/checkpoint_45000.pt,severe_collapse,45000,pos_embed.weight,frobenius_norm,0.3108295500278473
results/severe_collapse/checkpoint_45000.pt,severe_collapse,45000,pos_embed.weight,spectral_norm,0.310020387172699
results/severe_collapse/checkpoint_45000.pt,severe_collapse,45000,pos_embed.weight,effective_rank,1.2800701275592465
results/severe_collapse/checkpoint_45000.pt,severe_collapse,45000,transformer.layers.0.self_attn.in_proj_weight,frobenius_norm,53.542724609375
results/severe_collapse/checkpoint_45000.pt,severe_collapse,45000,transformer.layers.0.self_attn.in_proj_weight,spectral_norm,50.81449890136719
results/severe_collapse/checkpoint_45000.pt,severe_collapse,45000,transformer.layers.0.self_attn.in_proj_weight,effective_rank,13.036598952421624
results/severe_collapse/checkpoint_45000.pt,severe_collapse,45000,transformer.layers.0.self_attn.in_proj_bias,frobenius_norm,4.178992748260498
results/severe_collapse/checkpoint_45000.pt,severe_collapse,45000,transformer.layers.0.self_attn.in_proj_bias,spectral_norm,4.178992748260498
results/severe_collapse/checkpoint_45000.pt,severe_collapse,45000,transformer.layers.0.self_attn.in_proj_bias,effective_rank,1.0
results/severe_collapse/checkpoint_45000.pt,severe_collapse,45000,transformer.layers.0.self_attn.out_proj.weight,frobenius_norm,4.525002956390381
results/severe_collapse/checkpoint_45000.pt,severe_collapse,45000,transformer.layers.0.self_attn.out_proj.weight,spectral_norm,1.148827075958252
results/severe_collapse/checkpoint_45000.pt,severe_collapse,45000,transformer.layers.0.self_attn.out_proj.weight,effective_rank,50.28017597984146
results/severe_collapse/checkpoint_45000.pt,severe_collapse,45000,transformer.layers.0.self_attn.out_proj.bias,frobenius_norm,0.017320815473794937
results/severe_collapse/checkpoint_45000.pt,severe_collapse,45000,transformer.layers.0.self_attn.out_proj.bias,spectral_norm,0.017320815473794937
results/severe_collapse/checkpoint_45000.pt,severe_collapse,45000,transformer.layers.0.self_attn.out_proj.bias,effective_rank,1.0
results/severe_collapse/checkpoint_45000.pt,severe_collapse,45000,transformer.layers.0.linear1.weight,frobenius_norm,7.6796393394470215
results/severe_collapse/checkpoint_45000.pt,severe_collapse,45000,transformer.layers.0.linear1.weight,spectral_norm,1.9321988821029663
results/severe_collapse/checkpoint_45000.pt,severe_collapse,45000,transformer.layers.0.linear1.weight,effective_rank,47.6313793272622
results/severe_collapse/checkpoint_45000.pt,severe_collapse,45000,transformer.layers.0.linear1.bias,frobenius_norm,0.11959744989871979
results/severe_collapse/checkpoint_45000.pt,severe_collapse,45000,transformer.layers.0.linear1.bias,spectral_norm,0.11959744989871979
results/severe_collapse/checkpoint_45000.pt,severe_collapse,45000,transformer.layers.0.linear1.bias,effective_rank,1.0
results/severe_collapse/checkpoint_45000.pt,severe_collapse,45000,transformer.layers.0.linear2.weight,frobenius_norm,5.6318793296813965
results/severe_collapse/checkpoint_45000.pt,severe_collapse,45000,transformer.layers.0.linear2.weight,spectral_norm,1.3703420162200928
results/severe_collapse/checkpoint_45000.pt,severe_collapse,45000,transformer.layers.0.linear2.weight,effective_rank,59.92874887050763
results/severe_collapse/checkpoint_45000.pt,severe_collapse,45000,transformer.layers.0.linear2.bias,frobenius_norm,0.1221715584397316
results/severe_collapse/checkpoint_45000.pt,severe_collapse,45000,transformer.layers.0.linear2.bias,spectral_norm,0.1221715584397316
results/severe_collapse/checkpoint_45000.pt,severe_collapse,45000,transformer.layers.0.linear2.bias,effective_rank,1.0
results/severe_collapse/checkpoint_45000.pt,severe_collapse,45000,transformer.layers.0.norm1.weight,frobenius_norm,2.2271621227264404
results/severe_collapse/checkpoint_45000.pt,severe_collapse,45000,transformer.layers.0.norm1.weight,spectral_norm,2.2271621227264404
results/severe_collapse/checkpoint_45000.pt,severe_collapse,45000,transformer.layers.0.norm1.weight,effective_rank,1.0
results/severe_collapse/checkpoint_45000.pt,severe_collapse,45000,transformer.layers.0.norm1.bias,frobenius_norm,0.07892091572284698
results/severe_collapse/checkpoint_45000.pt,severe_collapse,45000,transformer.layers.0.norm1.bias,spectral_norm,0.07892091572284698
results/severe_collapse/checkpoint_45000.pt,severe_collapse,45000,transformer.layers.0.norm1.bias,effective_rank,1.0
results/severe_collapse/checkpoint_45000.pt,severe_collapse,45000,transformer.layers.0.norm2.weight,frobenius_norm,0.5027404427528381
results/severe_collapse/checkpoint_45000.pt,severe_collapse,45000,transformer.layers.0.norm2.weight,spectral_norm,0.5027404427528381
results/severe_collapse/checkpoint_45000.pt,severe_collapse,45000,transformer.layers.0.norm2.weight,effective_rank,1.0
results/severe_collapse/checkpoint_45000.pt,severe_collapse,45000,transformer.layers.0.norm2.bias,frobenius_norm,0.1659766584634781
results/severe_collapse/checkpoint_45000.pt,severe_collapse,45000,transformer.layers.0.norm2.bias,spectral_norm,0.1659766584634781
results/severe_collapse/checkpoint_45000.pt,severe_collapse,45000,transformer.layers.0.norm2.bias,effective_rank,1.0
results/severe_collapse/checkpoint_45000.pt,severe_collapse,45000,output_head.weight,frobenius_norm,11.097579002380371
results/severe_collapse/checkpoint_45000.pt,severe_collapse,45000,output_head.weight,spectral_norm,2.8269708156585693
results/severe_collapse/checkpoint_45000.pt,severe_collapse,45000,output_head.weight,effective_rank,41.31254198462242
results/severe_collapse/checkpoint_45000.pt,severe_collapse,45000,output_head.bias,frobenius_norm,0.2472262680530548
results/severe_collapse/checkpoint_45000.pt,severe_collapse,45000,output_head.bias,spectral_norm,0.2472262680530548
results/severe_collapse/checkpoint_45000.pt,severe_collapse,45000,output_head.bias,effective_rank,1.0
results/severe_collapse/checkpoint_45000.pt,severe_collapse,45000,ln.weight,frobenius_norm,7.706888675689697
results/severe_collapse/checkpoint_45000.pt,severe_collapse,45000,ln.weight,spectral_norm,7.706888675689697
results/severe_collapse/checkpoint_45000.pt,severe_collapse,45000,ln.weight,effective_rank,1.0
results/severe_collapse/checkpoint_45000.pt,severe_collapse,45000,ln.bias,frobenius_norm,0.9362630248069763
results/severe_collapse/checkpoint_45000.pt,severe_collapse,45000,ln.bias,spectral_norm,0.9362630248069763
results/severe_collapse/checkpoint_45000.pt,severe_collapse,45000,ln.bias,effective_rank,1.0
results/severe_collapse/checkpoint_50000.pt,severe_collapse,50000,token_embed.weight,frobenius_norm,2.0562357902526855
results/severe_collapse/checkpoint_50000.pt,severe_collapse,50000,token_embed.weight,spectral_norm,0.5247377157211304
results/severe_collapse/checkpoint_50000.pt,severe_collapse,50000,token_embed.weight,effective_rank,38.74805846168781
results/severe_collapse/checkpoint_50000.pt,severe_collapse,50000,pos_embed.weight,frobenius_norm,0.31526297330856323
results/severe_collapse/checkpoint_50000.pt,severe_collapse,50000,pos_embed.weight,spectral_norm,0.3143329918384552
results/severe_collapse/checkpoint_50000.pt,severe_collapse,50000,pos_embed.weight,effective_rank,1.2936144626685206
results/severe_collapse/checkpoint_50000.pt,severe_collapse,50000,transformer.layers.0.self_attn.in_proj_weight,frobenius_norm,53.83899688720703
results/severe_collapse/checkpoint_50000.pt,severe_collapse,50000,transformer.layers.0.self_attn.in_proj_weight,spectral_norm,51.046932220458984
results/severe_collapse/checkpoint_50000.pt,severe_collapse,50000,transformer.layers.0.self_attn.in_proj_weight,effective_rank,13.019763565049544
results/severe_collapse/checkpoint_50000.pt,severe_collapse,50000,transformer.layers.0.self_attn.in_proj_bias,frobenius_norm,4.223238945007324
results/severe_collapse/checkpoint_50000.pt,severe_collapse,50000,transformer.layers.0.self_attn.in_proj_bias,spectral_norm,4.223238945007324
results/severe_collapse/checkpoint_50000.pt,severe_collapse,50000,transformer.layers.0.self_attn.in_proj_bias,effective_rank,1.0
results/severe_collapse/checkpoint_50000.pt,severe_collapse,50000,transformer.layers.0.self_attn.out_proj.weight,frobenius_norm,4.569164752960205
results/severe_collapse/checkpoint_50000.pt,severe_collapse,50000,transformer.layers.0.self_attn.out_proj.weight,spectral_norm,1.145227313041687
results/severe_collapse/checkpoint_50000.pt,severe_collapse,50000,transformer.layers.0.self_attn.out_proj.weight,effective_rank,50.08238491502415
results/severe_collapse/checkpoint_50000.pt,severe_collapse,50000,transformer.layers.0.self_attn.out_proj.bias,frobenius_norm,0.020301414653658867
results/severe_collapse/checkpoint_50000.pt,severe_collapse,50000,transformer.layers.0.self_attn.out_proj.bias,spectral_norm,0.020301414653658867
results/severe_collapse/checkpoint_50000.pt,severe_collapse,50000,transformer.layers.0.self_attn.out_proj.bias,effective_rank,1.0
results/severe_collapse/checkpoint_50000.pt,severe_collapse,50000,transformer.layers.0.linear1.weight,frobenius_norm,7.690918922424316
results/severe_collapse/checkpoint_50000.pt,severe_collapse,50000,transformer.layers.0.linear1.weight,spectral_norm,1.9704320430755615
results/severe_collapse/checkpoint_50000.pt,severe_collapse,50000,transformer.layers.0.linear1.weight,effective_rank,47.51304726420505
results/severe_collapse/checkpoint_50000.pt,severe_collapse,50000,transformer.layers.0.linear1.bias,frobenius_norm,0.1216670349240303
results/severe_collapse/checkpoint_50000.pt,severe_collapse,50000,transformer.layers.0.linear1.bias,spectral_norm,0.1216670349240303
results/severe_collapse/checkpoint_50000.pt,severe_collapse,50000,transformer.layers.0.linear1.bias,effective_rank,1.0
results/severe_collapse/checkpoint_50000.pt,severe_collapse,50000,transformer.layers.0.linear2.weight,frobenius_norm,5.694440841674805
results/severe_collapse/checkpoint_50000.pt,severe_collapse,50000,transformer.layers.0.linear2.weight,spectral_norm,1.365709662437439
results/severe_collapse/checkpoint_50000.pt,severe_collapse,50000,transformer.layers.0.linear2.weight,effective_rank,59.733634183435456
results/severe_collapse/checkpoint_50000.pt,severe_collapse,50000,transformer.layers.0.linear2.bias,frobenius_norm,0.127456933259964
results/severe_collapse/checkpoint_50000.pt,severe_collapse,50000,transformer.layers.0.linear2.bias,spectral_norm,0.127456933259964
results/severe_collapse/checkpoint_50000.pt,severe_collapse,50000,transformer.layers.0.linear2.bias,effective_rank,1.0
results/severe_collapse/checkpoint_50000.pt,severe_collapse,50000,transformer.layers.0.norm1.weight,frobenius_norm,2.2329905033111572
results/severe_collapse/checkpoint_50000.pt,severe_collapse,50000,transformer.layers.0.norm1.weight,spectral_norm,2.2329905033111572
results/severe_collapse/checkpoint_50000.pt,severe_collapse,50000,transformer.layers.0.norm1.weight,effective_rank,1.0
results/severe_collapse/checkpoint_50000.pt,severe_collapse,50000,transformer.layers.0.norm1.bias,frobenius_norm,0.07509759068489075
results/severe_collapse/checkpoint_50000.pt,severe_collapse,50000,transformer.layers.0.norm1.bias,spectral_norm,0.07509759068489075
results/severe_collapse/checkpoint_50000.pt,severe_collapse,50000,transformer.layers.0.norm1.bias,effective_rank,1.0
results/severe_collapse/checkpoint_50000.pt,severe_collapse,50000,transformer.layers.0.norm2.weight,frobenius_norm,0.514477014541626
results/severe_collapse/checkpoint_50000.pt,severe_collapse,50000,transformer.layers.0.norm2.weight,spectral_norm,0.514477014541626
results/severe_collapse/checkpoint_50000.pt,severe_collapse,50000,transformer.layers.0.norm2.weight,effective_rank,1.0
results/severe_collapse/checkpoint_50000.pt,severe_collapse,50000,transformer.layers.0.norm2.bias,frobenius_norm,0.17057077586650848
results/severe_collapse/checkpoint_50000.pt,severe_collapse,50000,transformer.layers.0.norm2.bias,spectral_norm,0.17057077586650848
results/severe_collapse/checkpoint_50000.pt,severe_collapse,50000,transformer.layers.0.norm2.bias,effective_rank,1.0
results/severe_collapse/checkpoint_50000.pt,severe_collapse,50000,output_head.weight,frobenius_norm,11.137126922607422
results/severe_collapse/checkpoint_50000.pt,severe_collapse,50000,output_head.weight,spectral_norm,2.8108575344085693
results/severe_collapse/checkpoint_50000.pt,severe_collapse,50000,output_head.weight,effective_rank,41.196606814347646
results/severe_collapse/checkpoint_50000.pt,severe_collapse,50000,output_head.bias,frobenius_norm,0.2451976239681244
results/severe_collapse/checkpoint_50000.pt,severe_collapse,50000,output_head.bias,spectral_norm,0.2451976239681244
results/severe_collapse/checkpoint_50000.pt,severe_collapse,50000,output_head.bias,effective_rank,1.0
results/severe_collapse/checkpoint_50000.pt,severe_collapse,50000,ln.weight,frobenius_norm,7.805092811584473
results/severe_collapse/checkpoint_50000.pt,severe_collapse,50000,ln.weight,spectral_norm,7.805092811584473
results/severe_collapse/checkpoint_50000.pt,severe_collapse,50000,ln.weight,effective_rank,1.0
results/severe_collapse/checkpoint_50000.pt,severe_collapse,50000,ln.bias,frobenius_norm,0.9285403490066528
results/severe_collapse/checkpoint_50000.pt,severe_collapse,50000,ln.bias,spectral_norm,0.9285403490066528
results/severe_collapse/checkpoint_50000.pt,severe_collapse,50000,ln.bias,effective_rank,1.0
