run_dir,condition,collapse_level,collapse_severity,final_test_acc,final_train_acc,final_weight_norm,grokking_step_detected,grokked_detected,seed
results/severe_collapse,severe_collapse,0.5,0.9,0.035699630693475586,0.9904214559386973,56.784281211228304,-1,False,42
results/pure,pure,0.0,0.5,1.0,1.0,28.9126792081784,1400,True,42
results/high_collapse,high_collapse,0.3,0.7,0.34755847353303243,0.9990421455938697,54.94424109133327,-1,False,42
results/low_collapse,low_collapse,0.05,0.3,0.9318834632745179,0.9904214559386973,36.13466735018998,4100,True,42
results/medium_collapse,medium_collapse,0.15,0.5,0.8588428395568322,1.0,36.150768050625565,-1,False,42
results/exp_c_grid/wd0.3/noise0/seed_42,seed_42,0.0,0.5,1.0,1.0,27.950792716933552,3700,True,42
results/exp_c_grid/wd0.3/noise0/seed_43,seed_43,0.0,0.5,1.0,1.0,27.05608079315148,3000,True,43
results/exp_c_grid/wd0.3/noise0/seed_44,seed_44,0.0,0.5,1.0,1.0,27.4367490770515,3000,True,44
results/exp_c_grid/wd0.3/noise0/seed_46,seed_46,0.0,0.5,1.0,1.0,24.94522991489241,3800,True,46
results/exp_c_grid/wd0.3/noise0/seed_45,seed_45,0.0,0.5,1.0,1.0,25.47866792579312,2900,True,45
results/exp_c_grid/wd0.3/noise0.15/seed_42,seed_42,0.0,0.5,0.8526877308165778,1.0,50.7017791874708,-1,False,42
results/exp_c_grid/wd0.3/noise0.15/seed_43,seed_43,0.0,0.5,0.8350430857611818,1.0,50.053815383642025,-1,False,43
results/exp_c_grid/wd0.3/noise0.15/seed_44,seed_44,0.0,0.5,0.8091916290521133,1.0,49.909596244276024,-1,False,44
results/exp_c_grid/wd0.3/noise0.15/seed_46,seed_46,0.0,0.5,0.6249487074271646,0.921455938697318,53.650904491332625,-1,False,46
results/exp_c_grid/wd0.3/noise0.15/seed_45,seed_45,0.0,0.5,0.9002872384078785,1.0,52.54578490914405,-1,False,45
results/exp_c_grid/wd0.3/noise0.2/seed_42,seed_42,0.0,0.5,0.7267131719327041,1.0,60.243732710131844,-1,False,42
results/exp_c_grid/wd0.3/noise0.2/seed_43,seed_43,0.0,0.5,0.739023389413213,1.0,48.65498330162776,-1,False,43
results/exp_c_grid/wd0.3/noise0.2/seed_44,seed_44,0.0,0.5,0.6704965121050472,1.0,52.19808067715173,-1,False,44
results/exp_c_grid/wd0.3/noise0.2/seed_46,seed_46,0.0,0.5,0.6787033237587198,1.0,56.52940723441936,-1,False,46
results/exp_c_grid/wd0.3/noise0.2/seed_45,seed_45,0.0,0.5,0.6729585556011489,1.0,53.45363473058416,-1,False,45
results/exp_c_grid/wd0.3/noise0.1/seed_42,seed_42,0.0,0.5,0.9634796881411571,1.0,38.57738545329579,28100,True,42
results/exp_c_grid/wd0.3/noise0.1/seed_43,seed_43,0.0,0.5,0.9593762823143209,1.0,42.405396069582885,38800,True,43
results/exp_c_grid/wd0.3/noise0.1/seed_44,seed_44,0.0,0.5,0.9491177677472302,1.0,45.23821860788255,31100,True,44
results/exp_c_grid/wd0.3/noise0.1/seed_46,seed_46,0.0,0.5,0.9634796881411571,1.0,48.80743077548969,31400,True,46
results/exp_c_grid/wd0.3/noise0.1/seed_45,seed_45,0.0,0.5,0.9708658186294624,1.0,38.90249542066833,19400,True,45
results/exp_c_grid/wd0.3/noise0.3/seed_42,seed_42,0.0,0.5,0.3647927780057448,1.0,56.6553902338502,-1,False,42
results/exp_c_grid/wd0.3/noise0.3/seed_43,seed_43,0.0,0.5,0.37997537956503896,1.0,57.295424145331054,-1,False,43
results/exp_c_grid/wd0.3/noise0.3/seed_44,seed_44,0.0,0.5,0.2708247845711941,1.0,58.78413142776771,-1,False,44
results/exp_c_grid/wd0.3/noise0.3/seed_46,seed_46,0.0,0.5,0.18998768978251948,1.0,73.51219980265208,-1,False,46
results/exp_c_grid/wd0.3/noise0.3/seed_45,seed_45,0.0,0.5,0.25112843660238,1.0,55.8667912098718,-1,False,45
results/exp_c_grid/wd0.3/noise0.05/seed_42,seed_42,0.0,0.5,0.9753795650389824,1.0,43.77786135687651,7300,True,42
results/exp_c_grid/wd0.3/noise0.05/seed_43,seed_43,0.0,0.5,0.9827656955272877,1.0,43.77362880526815,7500,True,43
results/exp_c_grid/wd0.3/noise0.05/seed_44,seed_44,0.0,0.5,0.9794829708658186,1.0,40.446090070991275,6300,True,44
results/exp_c_grid/wd0.3/noise0.05/seed_46,seed_46,0.0,0.5,0.9786622897004513,1.0,41.46277025489852,6400,True,46
results/exp_c_grid/wd0.3/noise0.05/seed_45,seed_45,0.0,0.5,0.9807139926138695,1.0,42.77807578051352,7500,True,45
results/exp_c_grid/wd1/noise0/seed_42,seed_42,0.0,0.5,1.0,1.0,33.19913477536253,1700,True,42
results/exp_c_grid/wd1/noise0/seed_43,seed_43,0.0,0.5,1.0,1.0,27.16381991434744,1400,True,43
results/exp_c_grid/wd1/noise0/seed_44,seed_44,0.0,0.5,0.9183422240459581,0.9616858237547893,40.203411891888365,1300,True,44
results/exp_c_grid/wd1/noise0/seed_46,seed_46,0.0,0.5,1.0,1.0,32.74715919021859,1400,True,46
results/exp_c_grid/wd1/noise0/seed_45,seed_45,0.0,0.5,1.0,1.0,31.316850483733077,1300,True,45
results/exp_c_grid/wd1/noise0.15/seed_42,seed_42,0.0,0.5,0.8748461222814936,1.0,42.299490315504,-1,False,42
results/exp_c_grid/wd1/noise0.15/seed_43,seed_43,0.0,0.5,0.7525646286417726,0.9952107279693486,43.71364224623043,-1,False,43
results/exp_c_grid/wd1/noise0.15/seed_44,seed_44,0.0,0.5,0.8576118178087813,0.9990421455938697,35.727947137967014,-1,False,44
results/exp_c_grid/wd1/noise0.15/seed_46,seed_46,0.0,0.5,0.8592531801395158,1.0,42.20189801624742,-1,False,46
results/exp_c_grid/wd1/noise0.15/seed_45,seed_45,0.0,0.5,0.8674599917931883,1.0,39.071056537511595,-1,False,45
results/exp_c_grid/wd1/noise0.2/seed_42,seed_42,0.0,0.5,0.8366844480919163,1.0,42.9666030468863,-1,False,42
results/exp_c_grid/wd1/noise0.2/seed_43,seed_43,0.0,0.5,0.7127615921214608,0.9923371647509579,44.205731802272425,-1,False,43
results/exp_c_grid/wd1/noise0.2/seed_44,seed_44,0.0,0.5,0.7784160853508412,0.9980842911877394,43.47258994018289,-1,False,44
results/exp_c_grid/wd1/noise0.2/seed_46,seed_46,0.0,0.5,0.780878128846943,0.9980842911877394,41.757904963263464,-1,False,46
results/exp_c_grid/wd1/noise0.2/seed_45,seed_45,0.0,0.5,0.6819860484201887,0.9808429118773946,52.912206509636746,-1,False,45
results/exp_c_grid/wd1/noise0.1/seed_42,seed_42,0.0,0.5,0.9080837094788674,0.9990421455938697,37.28292450983197,-1,False,42
results/exp_c_grid/wd1/noise0.1/seed_43,seed_43,0.0,0.5,0.9458350430857612,1.0,41.36813213535897,-1,False,43
results/exp_c_grid/wd1/noise0.1/seed_44,seed_44,0.0,0.5,0.8424292162494871,0.9837164750957854,37.5825280926313,-1,False,44
results/exp_c_grid/wd1/noise0.1/seed_46,seed_46,0.0,0.5,0.9281903980303652,1.0,35.84945033967848,-1,False,46
results/exp_c_grid/wd1/noise0.1/seed_45,seed_45,0.0,0.5,0.9433729995896594,1.0,38.66930547418186,11500,True,45
results/exp_c_grid/wd1/noise0.3/seed_42,seed_42,0.0,0.5,0.2946245383668445,0.9961685823754789,59.73677542357692,-1,False,42
results/exp_c_grid/wd1/noise0.3/seed_43,seed_43,0.0,0.5,0.2548215018465326,0.9511494252873564,53.51159798026608,-1,False,43
results/exp_c_grid/wd1/noise0.3/seed_44,seed_44,0.0,0.5,0.21665982765695527,0.935823754789272,53.78428312583187,-1,False,44
results/exp_c_grid/wd1/noise0.3/seed_46,seed_46,0.0,0.5,0.19491177677472302,0.9243295019157088,59.72670926563865,-1,False,46
results/exp_c_grid/wd1/noise0.3/seed_45,seed_45,0.0,0.5,0.21789084940500617,0.9032567049808429,61.25458105918767,-1,False,45
results/exp_c_grid/wd1/noise0.05/seed_42,seed_42,0.0,0.5,0.9786622897004513,1.0,35.19744097235274,4400,True,42
results/exp_c_grid/wd1/noise0.05/seed_43,seed_43,0.0,0.5,0.9753795650389824,1.0,38.90040044678905,3800,True,43
results/exp_c_grid/wd1/noise0.05/seed_44,seed_44,0.0,0.5,0.964710709889208,0.9980842911877394,35.41857749523448,4300,True,44
results/exp_c_grid/wd1/noise0.05/seed_46,seed_46,0.0,0.5,0.9803036520311859,1.0,34.58414518794935,4200,True,46
results/exp_c_grid/wd1/noise0.05/seed_45,seed_45,0.0,0.5,0.9848173984407058,0.9990421455938697,33.22465534633911,3600,True,45
results/exp_c_grid/wd3/noise0/seed_42,seed_42,0.0,0.5,0.15962248666393106,0.26436781609195403,20.1183630846852,-1,False,42
results/exp_c_grid/wd3/noise0/seed_43,seed_43,0.0,0.5,0.1436192039392696,0.19923371647509577,19.839629036312207,-1,False,43
results/exp_c_grid/wd3/noise0/seed_44,seed_44,0.0,0.5,0.12761592121460813,0.2231800766283525,17.001009175341522,-1,False,44
results/exp_c_grid/wd3/noise0/seed_46,seed_46,0.0,0.5,0.1719327041444399,0.24521072796934865,21.59833990300232,-1,False,46
results/exp_c_grid/wd3/noise0/seed_45,seed_45,0.0,0.5,0.13254000820681167,0.2413793103448276,14.428192468526019,-1,False,45
results/exp_c_grid/wd3/noise0.15/seed_42,seed_42,0.0,0.5,0.11694706606483381,0.16283524904214558,18.655334719424904,-1,False,42
results/exp_c_grid/wd3/noise0.15/seed_43,seed_43,0.0,0.5,0.06934755847353304,0.08333333333333333,14.620187798710882,-1,False,43
results/exp_c_grid/wd3/noise0.15/seed_44,seed_44,0.0,0.5,0.11161263848994665,0.16666666666666666,16.55172215416316,-1,False,44
results/exp_c_grid/wd3/noise0.15/seed_46,seed_46,0.0,0.5,0.14608124743537135,0.1925287356321839,19.941130149239747,-1,False,46
results/exp_c_grid/wd3/noise0.15/seed_45,seed_45,0.0,0.5,0.07386130488305294,0.20306513409961685,21.659174575801444,-1,False,45
results/exp_c_grid/wd3/noise0.2/seed_42,seed_42,0.0,0.5,0.06196142798522774,0.09865900383141762,13.597873971532323,-1,False,42
results/exp_c_grid/wd3/noise0.2/seed_43,seed_43,0.0,0.5,0.06647517439474764,0.1360153256704981,14.264448786159955,-1,False,43
results/exp_c_grid/wd3/noise0.2/seed_44,seed_44,0.0,0.5,0.0689372178908494,0.11015325670498084,13.526702260045823,-1,False,44
results/exp_c_grid/wd3/noise0.2/seed_46,seed_46,0.0,0.5,0.08411981945014362,0.13026819923371646,17.78063977280279,-1,False,46
results/exp_c_grid/wd3/noise0.2/seed_45,seed_45,0.0,0.5,0.104636848584325,0.15613026819923373,14.903572925775851,-1,False,45
results/exp_c_grid/wd3/noise0.1/seed_42,seed_42,0.0,0.5,0.07960607304062371,0.10153256704980843,18.771366894924718,-1,False,42
results/exp_c_grid/wd3/noise0.1/seed_43,seed_43,0.0,0.5,0.11284366023799754,0.15996168582375478,18.750622307480725,-1,False,43
results/exp_c_grid/wd3/noise0.1/seed_44,seed_44,0.0,0.5,0.10094378334017234,0.18199233716475097,18.206494623824813,-1,False,44
results/exp_c_grid/wd3/noise0.1/seed_46,seed_46,0.0,0.5,0.04267542059909725,0.12260536398467432,10.268030910626951,-1,False,46
results/exp_c_grid/wd3/noise0.1/seed_45,seed_45,0.0,0.5,0.0553959786622897,0.11685823754789272,8.515374149220902,-1,False,45
results/exp_c_grid/wd3/noise0.3/seed_42,seed_42,0.0,0.5,0.046368485843249894,0.1331417624521073,18.720420861108003,-1,False,42
results/exp_c_grid/wd3/noise0.3/seed_43,seed_43,0.0,0.5,0.041444398851046366,0.09099616858237548,14.965418728619046,-1,False,43
results/exp_c_grid/wd3/noise0.3/seed_44,seed_44,0.0,0.5,0.049651210504718914,0.11206896551724138,19.19076070821308,-1,False,44
results/exp_c_grid/wd3/noise0.3/seed_46,seed_46,0.0,0.5,0.06196142798522774,0.09482758620689655,12.88135928374346,-1,False,46
results/exp_c_grid/wd3/noise0.3/seed_45,seed_45,0.0,0.5,0.06401313089864588,0.09578544061302682,17.770741394972934,-1,False,45
results/exp_c_grid/wd3/noise0.05/seed_42,seed_42,0.0,0.5,0.11489536315141567,0.17624521072796934,17.21242783866748,-1,False,42
results/exp_c_grid/wd3/noise0.05/seed_43,seed_43,0.0,0.5,0.12802626179729176,0.18199233716475097,27.854950815234137,-1,False,43
results/exp_c_grid/wd3/noise0.05/seed_44,seed_44,0.0,0.5,0.09684037751333607,0.1417624521072797,17.91558724313231,-1,False,44
results/exp_c_grid/wd3/noise0.05/seed_46,seed_46,0.0,0.5,0.1723430447271235,0.23754789272030652,19.17872512318798,-1,False,46
results/exp_c_grid/wd3/noise0.05/seed_45,seed_45,0.0,0.5,0.09273697168649979,0.11494252873563218,16.285441378078584,-1,False,45
results/grid/level0.3_sev0.6/seed_42,seed_42,0.3,0.6,0.36889618383258105,0.9770114942528736,55.02683761305293,-1,False,42
results/grid/level0.3_sev0.6/seed_43,seed_43,0.3,0.6,0.34222404595814526,0.9942528735632183,53.6492126360204,-1,False,43
results/grid/level0.3_sev0.6/seed_44,seed_44,0.3,0.6,0.31842429216249485,0.9923371647509579,61.23141646751125,-1,False,44
results/grid/level0.3_sev0.6/seed_46,seed_46,0.3,0.6,0.3225276979893311,0.9722222222222222,59.052775544234535,-1,False,46
results/grid/level0.3_sev0.6/seed_45,seed_45,0.3,0.6,0.3057037340993024,0.9760536398467433,57.811426291595,-1,False,45
results/grid/level0.15_sev0.3/seed_42,seed_42,0.15,0.3,0.8411981945014362,0.9990421455938697,44.80321818767141,-1,False,42
results/grid/level0.15_sev0.3/seed_43,seed_43,0.15,0.3,0.839146491588018,0.9990421455938697,49.46640418349225,-1,False,43
results/grid/level0.15_sev0.3/seed_44,seed_44,0.15,0.3,0.8559704554780467,1.0,38.126432343867535,-1,False,44
results/grid/level0.15_sev0.3/seed_46,seed_46,0.15,0.3,0.888797702092737,1.0,46.82278568410213,-1,False,46
results/grid/level0.15_sev0.3/seed_45,seed_45,0.15,0.3,0.7767747230201066,0.9741379310344828,44.69455509292408,-1,False,45
results/grid/level0.15_sev0.9/seed_42,seed_42,0.15,0.9,0.8871563397620025,0.9990421455938697,38.98149036054854,-1,False,42
results/grid/level0.15_sev0.9/seed_43,seed_43,0.15,0.9,0.8555601148953631,1.0,40.802702385445926,-1,False,43
results/grid/level0.15_sev0.9/seed_44,seed_44,0.15,0.9,0.854739433729996,1.0,42.327763946401014,-1,False,44
results/grid/level0.15_sev0.9/seed_46,seed_46,0.15,0.9,0.8686910135412392,1.0,42.99609517240279,-1,False,46
results/grid/level0.15_sev0.9/seed_45,seed_45,0.15,0.9,0.8801805498563808,0.9980842911877394,41.44569556418936,-1,False,45
results/grid/level0.3_sev0.9/seed_42,seed_42,0.3,0.9,0.4788674599917932,0.975095785440613,52.46082876656021,-1,False,42
results/grid/level0.3_sev0.9/seed_43,seed_43,0.3,0.9,0.317193270414444,0.9865900383141762,54.2720940187572,-1,False,43
results/grid/level0.3_sev0.9/seed_44,seed_44,0.3,0.9,0.3192449733278621,0.9434865900383141,56.99113293209277,-1,False,44
results/grid/level0.3_sev0.9/seed_46,seed_46,0.3,0.9,0.25359048009848173,0.9837164750957854,52.65114077662607,-1,False,46
results/grid/level0.3_sev0.9/seed_45,seed_45,0.3,0.9,0.3311448502256873,0.9865900383141762,53.65425456069717,-1,False,45
results/grid/level0.15_sev0.6/seed_42,seed_42,0.15,0.6,0.7472302010668855,0.9789272030651341,43.39174084955657,-1,False,42
results/grid/level0.15_sev0.6/seed_43,seed_43,0.15,0.6,0.819450143619204,0.9894636015325671,45.58068191112581,-1,False,43
results/grid/level0.15_sev0.6/seed_44,seed_44,0.15,0.6,0.8518670496512105,0.9980842911877394,42.890996498174644,-1,False,44
results/grid/level0.15_sev0.6/seed_46,seed_46,0.15,0.6,0.8732047599507591,1.0,44.85568831748487,-1,False,46
results/grid/level0.15_sev0.6/seed_45,seed_45,0.15,0.6,0.8239638900287238,0.9980842911877394,46.45615054515847,-1,False,45
results/grid/level0.05_sev0.3/seed_42,seed_42,0.05,0.3,0.9848173984407058,1.0,36.3174290330349,4100,True,42
results/grid/level0.05_sev0.3/seed_43,seed_43,0.05,0.3,0.9926138695116947,1.0,36.71852999750299,2500,True,43
results/grid/level0.05_sev0.3/seed_44,seed_44,0.05,0.3,0.982355354944604,1.0,35.29801116051794,3000,True,44
results/grid/level0.05_sev0.3/seed_46,seed_46,0.05,0.3,0.979072630283135,1.0,33.78874980077966,7700,True,46
results/grid/level0.05_sev0.3/seed_45,seed_45,0.05,0.3,0.95814526056627,0.9827586206896551,36.53682211878,3900,True,45
results/grid/level0.05_sev0.6/seed_42,seed_42,0.05,0.6,0.954862535904801,0.9961685823754789,38.55016898106348,5000,True,42
results/grid/level0.05_sev0.6/seed_43,seed_43,0.05,0.6,0.9798933114485022,1.0,35.73526693450831,6100,True,43
results/grid/level0.05_sev0.6/seed_44,seed_44,0.05,0.6,0.9807139926138695,1.0,33.322401727293794,4800,True,44
results/grid/level0.05_sev0.6/seed_46,seed_46,0.05,0.6,0.9786622897004513,1.0,32.93310365676668,5400,True,46
results/grid/level0.05_sev0.6/seed_45,seed_45,0.05,0.6,0.9831760361099713,0.9923371647509579,33.75679494026061,3900,True,45
results/grid/level0.05_sev0.9/seed_42,seed_42,0.05,0.9,0.972507180960197,1.0,33.342504044834556,7600,True,42
results/grid/level0.05_sev0.9/seed_43,seed_43,0.05,0.9,0.9860484201887567,0.9980842911877394,36.304335692655556,2600,True,43
results/grid/level0.05_sev0.9/seed_44,seed_44,0.05,0.9,0.9827656955272877,1.0,40.073951889438824,5500,True,44
results/grid/level0.05_sev0.9/seed_46,seed_46,0.05,0.9,0.972507180960197,1.0,33.98977759673001,6700,True,46
results/grid/level0.05_sev0.9/seed_45,seed_45,0.05,0.9,0.9766105867870333,0.9980842911877394,33.0070587236698,2700,True,45
results/grid/level0_sev0.6/seed_42,seed_42,0.0,0.6,1.0,1.0,30.311590703388994,1700,True,42
results/grid/level0_sev0.6/seed_43,seed_43,0.0,0.6,1.0,1.0,31.56538701894806,1400,True,43
results/grid/level0_sev0.6/seed_44,seed_44,0.0,0.6,0.9183422240459581,0.9616858237547893,40.203411891888365,1300,True,44
results/grid/level0_sev0.6/seed_46,seed_46,0.0,0.6,1.0,1.0,32.74715919021859,1400,True,46
results/grid/level0_sev0.6/seed_45,seed_45,0.0,0.6,1.0,1.0,31.31685048373308,1300,True,45
results/grid/level0_sev0.3/seed_42,seed_42,0.0,0.3,1.0,1.0,30.311590703388994,1700,True,42
results/grid/level0_sev0.3/seed_43,seed_43,0.0,0.3,1.0,1.0,31.56538701894806,1400,True,43
results/grid/level0_sev0.3/seed_44,seed_44,0.0,0.3,0.9183422240459581,0.9616858237547893,40.203411891888365,1300,True,44
results/grid/level0_sev0.3/seed_46,seed_46,0.0,0.3,1.0,1.0,32.74715919021859,1400,True,46
results/grid/level0_sev0.3/seed_45,seed_45,0.0,0.3,1.0,1.0,31.31685048373308,1300,True,45
results/grid/level0_sev0.9/seed_42,seed_42,0.0,0.9,1.0,1.0,30.311590703388994,1700,True,42
results/grid/level0_sev0.9/seed_43,seed_43,0.0,0.9,1.0,1.0,31.56538701894806,1400,True,43
results/grid/level0_sev0.9/seed_44,seed_44,0.0,0.9,0.9183422240459581,0.9616858237547893,40.203411891888365,1300,True,44
results/grid/level0_sev0.9/seed_46,seed_46,0.0,0.9,1.0,1.0,32.74715919021859,1400,True,46
results/grid/level0_sev0.9/seed_45,seed_45,0.0,0.9,1.0,1.0,31.31685048373308,1300,True,45
results/grid/level0.3_sev0.3/seed_42,seed_42,0.3,0.3,0.26754205990972507,1.0,53.00500158969116,-1,False,42
results/grid/level0.3_sev0.3/seed_43,seed_43,0.3,0.3,0.24415264669675832,0.9319923371647509,50.11199246906074,-1,False,43
results/grid/level0.3_sev0.3/seed_44,seed_44,0.3,0.3,0.24374230611407469,0.9501915708812261,53.999338602219645,-1,False,44
results/grid/level0.3_sev0.3/seed_46,seed_46,0.3,0.3,0.34058268362741073,0.9961685823754789,57.41130194457217,-1,False,46
results/grid/level0.3_sev0.3/seed_45,seed_45,0.3,0.3,0.2679524004924087,0.9090038314176245,55.07646398886649,-1,False,45
results/scarcity_baseline/frac0.285/seed_42,seed_42,0.0,0.5,0.9803133788670149,1.0,26.28674066699595,1500,True,42
results/scarcity_baseline/frac0.285/seed_43,seed_43,0.0,0.5,1.0,1.0,24.71569043693406,900,True,43
results/scarcity_baseline/frac0.285/seed_44,seed_44,0.0,0.5,1.0,1.0,29.387814805550764,1600,True,44
results/scarcity_baseline/frac0.285/seed_46,seed_46,0.0,0.5,1.0,1.0,24.710039323133397,1300,True,46
results/scarcity_baseline/frac0.285/seed_45,seed_45,0.0,0.5,0.9863398955403777,1.0,26.627487605808547,1300,True,45
results/scarcity_baseline/frac0.21/seed_42,seed_42,0.0,0.5,0.19636363636363635,0.22845417236662108,24.02264463450058,2700,True,42
results/scarcity_baseline/frac0.21/seed_43,seed_43,0.0,0.5,1.0,1.0,25.65256231734168,2100,True,43
results/scarcity_baseline/frac0.21/seed_44,seed_44,0.0,0.5,1.0,1.0,25.56043304970454,2800,True,44
results/scarcity_baseline/frac0.21/seed_46,seed_46,0.0,0.5,0.8716363636363637,1.0,27.39267392044366,3800,True,46
results/scarcity_baseline/frac0.21/seed_45,seed_45,0.0,0.5,0.9778181818181818,1.0,29.885311504526896,2800,True,45
results/scarcity_baseline/frac0.3/seed_42,seed_42,0.0,0.5,1.0,1.0,30.311590703388994,1700,True,42
results/scarcity_baseline/frac0.3/seed_43,seed_43,0.0,0.5,1.0,1.0,31.56538701894806,1400,True,43
results/scarcity_baseline/frac0.3/seed_44,seed_44,0.0,0.5,0.9183422240459581,0.9616858237547893,40.203411891888365,1300,True,44
results/scarcity_baseline/frac0.3/seed_46,seed_46,0.0,0.5,1.0,1.0,32.74715919021859,1400,True,46
results/scarcity_baseline/frac0.3/seed_45,seed_45,0.0,0.5,1.0,1.0,31.316850483733077,1300,True,45
results/scarcity_baseline/frac0.15/seed_42,seed_42,0.0,0.5,1.0,1.0,30.787914073654086,17200,True,42
results/scarcity_baseline/frac0.15/seed_43,seed_43,0.0,0.5,1.0,1.0,34.22828737409719,18500,True,43
results/scarcity_baseline/frac0.15/seed_44,seed_44,0.0,0.5,1.0,1.0,38.62006628936266,9300,True,44
results/scarcity_baseline/frac0.15/seed_46,seed_46,0.0,0.5,1.0,1.0,34.950363171763684,16200,True,46
results/scarcity_baseline/frac0.15/seed_45,seed_45,0.0,0.5,0.9925650557620818,1.0,38.89200020728907,8400,True,45
results/scarcity_baseline/frac0.255/seed_42,seed_42,0.0,0.5,1.0,1.0,23.506819551449023,1900,True,42
results/scarcity_baseline/frac0.255/seed_43,seed_43,0.0,0.5,1.0,1.0,23.19114062715013,1300,True,43
results/scarcity_baseline/frac0.255/seed_44,seed_44,0.0,0.5,1.0,1.0,25.87931721621468,2400,True,44
results/scarcity_baseline/frac0.255/seed_46,seed_46,0.0,0.5,1.0,1.0,28.158639809325262,1600,True,46
results/scarcity_baseline/frac0.255/seed_45,seed_45,0.0,0.5,0.9587509637625289,1.0,29.364858677123863,2500,True,45
results/multi_seed/45/severe_collapse,severe_collapse,0.5,0.9,0.029954862535904802,0.8946360153256705,65.48920708916157,-1,False,45
results/multi_seed/45/pure,pure,0.0,0.5,1.0,1.0,31.31685048373308,1300,True,45
results/multi_seed/45/high_collapse,high_collapse,0.3,0.7,0.24169060320065655,0.8917624521072797,57.61843866996503,-1,False,45
results/multi_seed/45/low_collapse,low_collapse,0.05,0.3,0.95814526056627,0.9827586206896551,36.53682211878,3900,True,45
results/multi_seed/45/medium_collapse,medium_collapse,0.15,0.5,0.8375051292572836,0.9894636015325671,40.09430875742182,-1,False,45
results/multi_seed/42/severe_collapse,severe_collapse,0.5,0.9,0.046368485843249894,1.0,55.37173549888721,-1,False,42
results/multi_seed/42/pure,pure,0.0,0.5,1.0,1.0,30.311590703388994,1700,True,42
results/multi_seed/42/high_collapse,high_collapse,0.3,0.7,0.254411161263849,0.9875478927203065,53.51822529931683,-1,False,42
results/multi_seed/42/low_collapse,low_collapse,0.05,0.3,0.9848173984407058,1.0,36.3174290330349,4100,True,42
results/multi_seed/42/medium_collapse,medium_collapse,0.15,0.5,0.8251949117767747,1.0,43.82319693885459,-1,False,42
results/multi_seed/43/severe_collapse,severe_collapse,0.5,0.9,0.03610997127615921,0.8438697318007663,61.718128166797385,-1,False,43
results/multi_seed/43/pure,pure,0.0,0.5,1.0,1.0,31.56538701894806,1400,True,43
results/multi_seed/43/high_collapse,high_collapse,0.3,0.7,0.26877308165777597,0.9961685823754789,57.58566584709197,-1,False,43
results/multi_seed/43/low_collapse,low_collapse,0.05,0.3,0.9926138695116947,1.0,36.71852999750299,2500,True,43
results/multi_seed/43/medium_collapse,medium_collapse,0.15,0.5,0.8830529339351662,1.0,43.688855717497916,-1,False,43
results/multi_seed/46/severe_collapse,severe_collapse,0.5,0.9,0.04595814526056627,1.0,60.865528749271924,-1,False,46
results/multi_seed/46/pure,pure,0.0,0.5,1.0,1.0,32.74715919021859,1400,True,46
results/multi_seed/46/high_collapse,high_collapse,0.3,0.7,0.23389413212966761,0.9511494252873564,64.70179690580852,-1,False,46
results/multi_seed/46/low_collapse,low_collapse,0.05,0.3,0.979072630283135,1.0,33.78874980077966,7700,True,46
results/multi_seed/46/medium_collapse,medium_collapse,0.15,0.5,0.8674599917931883,1.0,44.985271560775274,-1,False,46
results/multi_seed/44/severe_collapse,severe_collapse,0.5,0.9,0.035699630693475586,0.9779693486590039,60.04495323180967,-1,False,44
results/multi_seed/44/pure,pure,0.0,0.5,0.9183422240459581,0.9616858237547893,40.203411891888365,1300,True,44
results/multi_seed/44/high_collapse,high_collapse,0.3,0.7,0.3951579811243332,0.9990421455938697,52.75158893225783,-1,False,44
results/multi_seed/44/low_collapse,low_collapse,0.05,0.3,0.982355354944604,1.0,35.29801116051794,3000,True,44
results/multi_seed/44/medium_collapse,medium_collapse,0.15,0.5,0.8736151005334427,1.0,36.05140524016973,-1,False,44
results/noise_baseline/noise0/seed_42,seed_42,0.0,0.5,1.0,1.0,30.311590703388994,1700,True,42
results/noise_baseline/noise0/seed_43,seed_43,0.0,0.5,1.0,1.0,31.56538701894806,1400,True,43
results/noise_baseline/noise0/seed_44,seed_44,0.0,0.5,0.9183422240459581,0.9616858237547893,40.203411891888365,1300,True,44
results/noise_baseline/noise0/seed_46,seed_46,0.0,0.5,1.0,1.0,32.74715919021859,1400,True,46
results/noise_baseline/noise0/seed_45,seed_45,0.0,0.5,1.0,1.0,31.316850483733077,1300,True,45
results/noise_baseline/noise0.15/seed_42,seed_42,0.0,0.5,0.8494050061551087,1.0,42.1758746180553,-1,False,42
results/noise_baseline/noise0.15/seed_43,seed_43,0.0,0.5,0.7525646286417726,0.9952107279693486,43.71364224623043,-1,False,43
results/noise_baseline/noise0.15/seed_44,seed_44,0.0,0.5,0.8576118178087813,0.9990421455938697,35.727947137967014,-1,False,44
results/noise_baseline/noise0.15/seed_46,seed_46,0.0,0.5,0.8592531801395158,1.0,42.20189801624742,-1,False,46
results/noise_baseline/noise0.15/seed_45,seed_45,0.0,0.5,0.8145260566270004,0.9990421455938697,39.71320437347351,-1,False,45
results/noise_baseline/noise0.3/seed_42,seed_42,0.0,0.5,0.2946245383668445,0.9961685823754789,59.73677542357692,-1,False,42
results/noise_baseline/noise0.3/seed_43,seed_43,0.0,0.5,0.2548215018465326,0.9511494252873564,53.51159798026608,-1,False,43
results/noise_baseline/noise0.3/seed_44,seed_44,0.0,0.5,0.21501846532622076,0.9818007662835249,51.75894634861448,-1,False,44
results/noise_baseline/noise0.3/seed_46,seed_46,0.0,0.5,0.2187115305703734,0.9329501915708812,59.961625975119404,-1,False,46
results/noise_baseline/noise0.3/seed_45,seed_45,0.0,0.5,0.25523184242921626,0.9540229885057471,58.01408095230596,-1,False,45
results/noise_baseline/noise0.5/seed_42,seed_42,0.0,0.5,0.054985638079606075,1.0,60.01813861153173,-1,False,42
results/noise_baseline/noise0.5/seed_43,seed_43,0.0,0.5,0.04185473943373,0.9971264367816092,61.978866962171494,-1,False,43
results/noise_baseline/noise0.5/seed_44,seed_44,0.0,0.5,0.04842018875666804,1.0,61.15800507854681,-1,False,44
results/noise_baseline/noise0.5/seed_46,seed_46,0.0,0.5,0.03775133360689372,0.9339080459770115,62.72981141667844,-1,False,46
results/noise_baseline/noise0.5/seed_45,seed_45,0.0,0.5,0.044727123512515385,0.9971264367816092,57.689810424660585,-1,False,45
results/noise_baseline/noise0.05/seed_42,seed_42,0.0,0.5,0.9778416085350842,1.0,34.82530613998024,4400,True,42
results/noise_baseline/noise0.05/seed_43,seed_43,0.0,0.5,0.9753795650389824,1.0,38.90040044678905,3800,True,43
results/noise_baseline/noise0.05/seed_44,seed_44,0.0,0.5,0.964710709889208,0.9980842911877394,35.41857749523448,4300,True,44
results/noise_baseline/noise0.05/seed_46,seed_46,0.0,0.5,0.9803036520311859,1.0,34.58414518794935,4200,True,46
results/noise_baseline/noise0.05/seed_45,seed_45,0.0,0.5,0.9848173984407058,0.9990421455938697,33.22465534633911,3600,True,45
results/seed_sweep/severe_collapse,severe_collapse,0.5,0.9,0.046368485843249894,1.0,55.37173549888721,-1,False,42
results/seed_sweep/pure,pure,0.0,0.5,1.0,1.0,30.311590703388994,1700,True,42
results/seed_sweep/high_collapse,high_collapse,0.3,0.7,0.254411161263849,0.9875478927203065,53.51822529931683,-1,False,42
results/seed_sweep/low_collapse,low_collapse,0.05,0.3,0.9848173984407058,1.0,36.3174290330349,4100,True,42
results/seed_sweep/medium_collapse,medium_collapse,0.15,0.5,0.8251949117767747,1.0,43.82319693885459,-1,False,42
